-- MySQL dump 10.13  Distrib 5.5.43, for Win32 (x86)
--
-- Host: localhost    Database: dev_sadd
-- ------------------------------------------------------
-- Server version	5.5.43

/*!40101 SET @OLD_CHARACTER_SET_CLIENT=@@CHARACTER_SET_CLIENT */;
/*!40101 SET @OLD_CHARACTER_SET_RESULTS=@@CHARACTER_SET_RESULTS */;
/*!40101 SET @OLD_COLLATION_CONNECTION=@@COLLATION_CONNECTION */;
/*!40101 SET NAMES utf8 */;
/*!40103 SET @OLD_TIME_ZONE=@@TIME_ZONE */;
/*!40103 SET TIME_ZONE='+00:00' */;
/*!40014 SET @OLD_UNIQUE_CHECKS=@@UNIQUE_CHECKS, UNIQUE_CHECKS=0 */;
/*!40014 SET @OLD_FOREIGN_KEY_CHECKS=@@FOREIGN_KEY_CHECKS, FOREIGN_KEY_CHECKS=0 */;
/*!40101 SET @OLD_SQL_MODE=@@SQL_MODE, SQL_MODE='NO_AUTO_VALUE_ON_ZERO' */;
/*!40111 SET @OLD_SQL_NOTES=@@SQL_NOTES, SQL_NOTES=0 */;

--
-- Table structure for table `tb_administradores`
--

DROP TABLE IF EXISTS `tb_administradores`;
/*!40101 SET @saved_cs_client     = @@character_set_client */;
/*!40101 SET character_set_client = utf8 */;
CREATE TABLE `tb_administradores` (
  `LOGIN` varchar(12) NOT NULL,
  `NOME` varchar(80) NOT NULL,
  `EMAIL` varchar(80) DEFAULT NULL,
  `SENHA` varchar(12) NOT NULL,
  PRIMARY KEY (`LOGIN`)
) ENGINE=InnoDB DEFAULT CHARSET=utf8;
/*!40101 SET character_set_client = @saved_cs_client */;

--
-- Dumping data for table `tb_administradores`
--

LOCK TABLES `tb_administradores` WRITE;
/*!40000 ALTER TABLE `tb_administradores` DISABLE KEYS */;
/*!40000 ALTER TABLE `tb_administradores` ENABLE KEYS */;
UNLOCK TABLES;

--
-- Table structure for table `tb_alunos`
--

DROP TABLE IF EXISTS `tb_alunos`;
/*!40101 SET @saved_cs_client     = @@character_set_client */;
/*!40101 SET character_set_client = utf8 */;
CREATE TABLE `tb_alunos` (
  `MATRICULA` varchar(20) NOT NULL,
  `EMAIL` varchar(100) DEFAULT NULL,
  `NOME` varchar(80) NOT NULL,
  `SEMESTRE_INGRESSO` int(11) NOT NULL,
  `CPF` char(11) DEFAULT NULL,
  `ANO_INGRESSO` int(11) NOT NULL,
  PRIMARY KEY (`MATRICULA`)
) ENGINE=InnoDB DEFAULT CHARSET=utf8;
/*!40101 SET character_set_client = @saved_cs_client */;

--
-- Dumping data for table `tb_alunos`
--

LOCK TABLES `tb_alunos` WRITE;
/*!40000 ALTER TABLE `tb_alunos` DISABLE KEYS */;
INSERT INTO `tb_alunos` VALUES ('20052210500',NULL,'Daniel Ruiz Teixeira',2,NULL,2005);
INSERT INTO `tb_alunos` VALUES ('20061210046',NULL,'João Marcello Calil Vaz Menezes Santana de Lima',1,NULL,2006);
INSERT INTO `tb_alunos` VALUES ('20071210023',NULL,'Matheus Charif Penchel',1,NULL,2007);
INSERT INTO `tb_alunos` VALUES ('20072210097',NULL,'Carlos Alberto Valete',2,NULL,2007);
INSERT INTO `tb_alunos` VALUES ('20072210123',NULL,'DIOGO MAGALHÃES MARTINS',2,NULL,2007);
INSERT INTO `tb_alunos` VALUES ('20081210048',NULL,'Luiz Carlos Medeiros da Silva  Filho',1,NULL,2008);
INSERT INTO `tb_alunos` VALUES ('20082210093',NULL,'Julio Cesar Banharo Guimarães',2,NULL,2008);
INSERT INTO `tb_alunos` VALUES ('20082210513',NULL,'Daniel Martiniano Ferreira',2,NULL,2008);
INSERT INTO `tb_alunos` VALUES ('20091210020',NULL,'Uriel dos Santos Pereira Bertoche',1,NULL,2009);
INSERT INTO `tb_alunos` VALUES ('20091210038',NULL,'Victor Doria Cardoso da Rocha',1,NULL,2009);
INSERT INTO `tb_alunos` VALUES ('20091210043',NULL,'Diogo Ferreira da Silva',1,NULL,2009);
INSERT INTO `tb_alunos` VALUES ('20091210515',NULL,'Tiê Silva Cervantes',1,NULL,2009);
INSERT INTO `tb_alunos` VALUES ('20092210071',NULL,'Raphael dos Santos Pinto',2,NULL,2009);
INSERT INTO `tb_alunos` VALUES ('20092210130',NULL,'Victor Magalhães Silva de Souza',2,NULL,2009);
INSERT INTO `tb_alunos` VALUES ('20092210138',NULL,'Thiago Pacheco de Assis',2,NULL,2009);
INSERT INTO `tb_alunos` VALUES ('20101210003',NULL,'Armando José Lázaro Ferreira Santos',1,NULL,2010);
INSERT INTO `tb_alunos` VALUES ('20101210006',NULL,'Carlos Alberto de Melo Velez Filho',1,NULL,2010);
INSERT INTO `tb_alunos` VALUES ('20101210009',NULL,'Davi Correa da Silva Alves',1,NULL,2010);
INSERT INTO `tb_alunos` VALUES ('20101210015',NULL,'Lucas Loureiro Swinerd',1,NULL,2010);
INSERT INTO `tb_alunos` VALUES ('20101210019',NULL,'Alice da Fonseca Monteiro',1,NULL,2010);
INSERT INTO `tb_alunos` VALUES ('20101210024',NULL,'Rodrigo Phídias da Silva',1,NULL,2010);
INSERT INTO `tb_alunos` VALUES ('20101210026',NULL,'Thales Veras da Costa Lima',1,NULL,2010);
INSERT INTO `tb_alunos` VALUES ('20101210027',NULL,'Thiago Lima da Fonseca',1,NULL,2010);
INSERT INTO `tb_alunos` VALUES ('20101210901',NULL,'Livanio Fernando da Silva',1,NULL,2010);
INSERT INTO `tb_alunos` VALUES ('20101220022',NULL,'Pedro Henrique Leite Alves',1,NULL,2010);
INSERT INTO `tb_alunos` VALUES ('20102210001',NULL,'Aline Sales da Silva Guedes',2,NULL,2010);
INSERT INTO `tb_alunos` VALUES ('20102210005',NULL,'Augusto Taboransky Almada',2,NULL,2010);
INSERT INTO `tb_alunos` VALUES ('20102210006',NULL,'Cecilia de Almeida Soares',2,NULL,2010);
INSERT INTO `tb_alunos` VALUES ('20102210008',NULL,'Davi de Araujo dos Santos',2,NULL,2010);
INSERT INTO `tb_alunos` VALUES ('20102210010',NULL,'Eduardo Moreira Leite',2,NULL,2010);
INSERT INTO `tb_alunos` VALUES ('20102210011',NULL,'Enrique de Amorim Frade',2,NULL,2010);
INSERT INTO `tb_alunos` VALUES ('20102210016',NULL,'Gabriel Ramalho de Albuquerque',2,NULL,2010);
INSERT INTO `tb_alunos` VALUES ('20102210023',NULL,'Pedro Jardim da Silva',2,NULL,2010);
INSERT INTO `tb_alunos` VALUES ('20102210024',NULL,'Pedro Lamy Zaluar',2,NULL,2010);
INSERT INTO `tb_alunos` VALUES ('20102210025',NULL,'Rafael da Silva Oliveira',2,NULL,2010);
INSERT INTO `tb_alunos` VALUES ('20102210028',NULL,'Rodrigo Ramos de Souza',2,NULL,2010);
INSERT INTO `tb_alunos` VALUES ('20102210031',NULL,'Thadeu Santos Silva Gonçalves',2,NULL,2010);
INSERT INTO `tb_alunos` VALUES ('20102210033',NULL,'Thiago da Silva Brito',2,NULL,2010);
INSERT INTO `tb_alunos` VALUES ('20102210701',NULL,'CARLA SANTOS FRANCO',2,NULL,2010);
INSERT INTO `tb_alunos` VALUES ('20102210702',NULL,'Jefferson Andrade Ferrão',2,NULL,2010);
INSERT INTO `tb_alunos` VALUES ('20111210006',NULL,'Bianca de Paiva Orsi',1,NULL,2011);
INSERT INTO `tb_alunos` VALUES ('20111210011',NULL,'Danielle Gilaberte de Almeida',1,NULL,2011);
INSERT INTO `tb_alunos` VALUES ('20111210012',NULL,'Diogo Ferreira de Freitas',1,NULL,2011);
INSERT INTO `tb_alunos` VALUES ('20111210013',NULL,'Elton Figueiredo de Souza Soares',1,NULL,2011);
INSERT INTO `tb_alunos` VALUES ('20111210020',NULL,'Laura Calanca Góes',1,NULL,2011);
INSERT INTO `tb_alunos` VALUES ('20111210023',NULL,'Livia Costa Pereira',1,NULL,2011);
INSERT INTO `tb_alunos` VALUES ('20111210024',NULL,'Lucas Ciarlini Guilhon',1,NULL,2011);
INSERT INTO `tb_alunos` VALUES ('20111210025',NULL,'Luiz Carlos Queiroz Cunha Filho',1,NULL,2011);
INSERT INTO `tb_alunos` VALUES ('20111210026',NULL,'Maria Das Graças Menezes Leal',1,NULL,2011);
INSERT INTO `tb_alunos` VALUES ('20111210027',NULL,'Mapril Barbosa da Fonseca Junior',1,NULL,2011);
INSERT INTO `tb_alunos` VALUES ('20111210035',NULL,'Ricardo Guimarães Conte',1,NULL,2011);
INSERT INTO `tb_alunos` VALUES ('20111210037',NULL,'Sandro Moura da Silveira',1,NULL,2011);
INSERT INTO `tb_alunos` VALUES ('20111210038',NULL,'Thiago Rodrigues Alves da Silva',1,NULL,2011);
INSERT INTO `tb_alunos` VALUES ('20111210042',NULL,'Vitor de Lima Albuquerque Alves',1,NULL,2011);
INSERT INTO `tb_alunos` VALUES ('20112210001',NULL,'Alain Pereira da Silva dos Santos',2,NULL,2011);
INSERT INTO `tb_alunos` VALUES ('20112210005',NULL,'Cezar Barcellos Aguirres',2,NULL,2011);
INSERT INTO `tb_alunos` VALUES ('20112210008',NULL,'Claudio Ribeiro Dietrich Júnior',2,NULL,2011);
INSERT INTO `tb_alunos` VALUES ('20112210009',NULL,'Daiane de Oliveira Correa',2,NULL,2011);
INSERT INTO `tb_alunos` VALUES ('20112210013',NULL,'Felipe Guedes Quintanilha',2,NULL,2011);
INSERT INTO `tb_alunos` VALUES ('20112210014',NULL,'Filippi Ferreira Rosa Marques',2,NULL,2011);
INSERT INTO `tb_alunos` VALUES ('20112210015',NULL,'Flávio da Silva Duarte',2,NULL,2011);
INSERT INTO `tb_alunos` VALUES ('20112210016',NULL,'Greice do Nascimento Felipe',2,NULL,2011);
INSERT INTO `tb_alunos` VALUES ('20112210019',NULL,'Leonardo dos Santos Silva',2,NULL,2011);
INSERT INTO `tb_alunos` VALUES ('20112210023',NULL,'Lucas Sobrinho de Sá Maciel',2,NULL,2011);
INSERT INTO `tb_alunos` VALUES ('20112210028',NULL,'Raquel Godoy Thiele de Almeida',2,NULL,2011);
INSERT INTO `tb_alunos` VALUES ('20112210032',NULL,'Rodrigo Henrique de Souza Amaral',2,NULL,2011);
INSERT INTO `tb_alunos` VALUES ('20112210035',NULL,'Vinícius Nicolau da Silva',2,NULL,2011);
INSERT INTO `tb_alunos` VALUES ('20112210037',NULL,'Wilian Pereira da Silva Santos',2,NULL,2011);
INSERT INTO `tb_alunos` VALUES ('20121210004',NULL,'Cesar Luis Barbosa da Silva',1,NULL,2012);
INSERT INTO `tb_alunos` VALUES ('20121210005',NULL,'Michel Augusto Queiroz Morais',1,NULL,2012);
INSERT INTO `tb_alunos` VALUES ('20121210006',NULL,'Alan da Silva Sant´Anna',1,NULL,2012);
INSERT INTO `tb_alunos` VALUES ('20121210010',NULL,'William Luiz Neves Brum',1,NULL,2012);
INSERT INTO `tb_alunos` VALUES ('20121210012',NULL,'Arthur Henrique Machado Dutra',1,NULL,2012);
INSERT INTO `tb_alunos` VALUES ('20121210014',NULL,'Gabriel Diniz Tormin',1,NULL,2012);
INSERT INTO `tb_alunos` VALUES ('20121210016',NULL,'Marcelo de Castro Endson',1,NULL,2012);
INSERT INTO `tb_alunos` VALUES ('20121210018',NULL,'Daniel Bédoucha',1,NULL,2012);
INSERT INTO `tb_alunos` VALUES ('20121210019',NULL,'Caroline Loppi Guimarães',1,NULL,2012);
INSERT INTO `tb_alunos` VALUES ('20121210021',NULL,'Karina Martins Martinez',1,NULL,2012);
INSERT INTO `tb_alunos` VALUES ('20121210022',NULL,'Lucas Alves Moreira de Souza',1,NULL,2012);
INSERT INTO `tb_alunos` VALUES ('20121210027',NULL,'Felipe Carvalho dos Reis',1,NULL,2012);
INSERT INTO `tb_alunos` VALUES ('20121210030',NULL,'Antonio França da Guia',1,NULL,2012);
INSERT INTO `tb_alunos` VALUES ('20121210034',NULL,'Bernardo Roedel Coimbra de Gouvêa',1,NULL,2012);
INSERT INTO `tb_alunos` VALUES ('20121210035',NULL,'Gabriel Pereira Ramos',1,NULL,2012);
INSERT INTO `tb_alunos` VALUES ('20122210001',NULL,'Augusto Ladeira Guimarães',2,NULL,2012);
INSERT INTO `tb_alunos` VALUES ('20122210003',NULL,'Luiz Paulo Carvalho da Silva',2,NULL,2012);
INSERT INTO `tb_alunos` VALUES ('20122210004',NULL,'Luis Filipe Oliveira da Silva',2,NULL,2012);
INSERT INTO `tb_alunos` VALUES ('20122210008',NULL,'Igor dos Santos de Castro',2,NULL,2012);
INSERT INTO `tb_alunos` VALUES ('20122210009',NULL,'Matheus Augusto de Oliveira',2,NULL,2012);
INSERT INTO `tb_alunos` VALUES ('20122210010',NULL,'Julia Cortazio Viana',2,NULL,2012);
INSERT INTO `tb_alunos` VALUES ('20122210011',NULL,'Carolina Yorio Heinze Tozzi',2,NULL,2012);
INSERT INTO `tb_alunos` VALUES ('20122210015',NULL,'Victor Moreira Lourenço',2,NULL,2012);
INSERT INTO `tb_alunos` VALUES ('20122210017',NULL,'Jessica Araújo Leite',2,NULL,2012);
INSERT INTO `tb_alunos` VALUES ('20122210019',NULL,'Carlos Bruno Pereira dos Reis',2,NULL,2012);
INSERT INTO `tb_alunos` VALUES ('20122210020',NULL,'Erick Nascimento de Oliveira',2,NULL,2012);
INSERT INTO `tb_alunos` VALUES ('20122210021',NULL,'Lucianna Santos Araruna Dedis',2,NULL,2012);
INSERT INTO `tb_alunos` VALUES ('20122210022',NULL,'Lívia Santos Rodrigues',2,NULL,2012);
INSERT INTO `tb_alunos` VALUES ('20122210024',NULL,'Natália Dias da Costa',2,NULL,2012);
INSERT INTO `tb_alunos` VALUES ('20122210025',NULL,'Airton de Oliveira dos Reis Junior',2,NULL,2012);
INSERT INTO `tb_alunos` VALUES ('20122210026',NULL,'Vitor Crivano Mattos',2,NULL,2012);
INSERT INTO `tb_alunos` VALUES ('20122210027',NULL,'Fernando Cavalcanti Ferreira',2,NULL,2012);
INSERT INTO `tb_alunos` VALUES ('20122210028',NULL,'Thiago Marçal Passos',2,NULL,2012);
INSERT INTO `tb_alunos` VALUES ('20122210029',NULL,'Alexsander Nolasco da Silveira',2,NULL,2012);
INSERT INTO `tb_alunos` VALUES ('20122210030',NULL,'Felipe Peixoto da Silva',2,NULL,2012);
INSERT INTO `tb_alunos` VALUES ('20122210032',NULL,'Vinicius Rosendo Tavares',2,NULL,2012);
INSERT INTO `tb_alunos` VALUES ('20131210005',NULL,'HUGO JOSE DOS SANTOS PEREIRA BERTOCHE',1,NULL,2013);
INSERT INTO `tb_alunos` VALUES ('20131210006',NULL,'Thais Mester Barbosa',1,NULL,2013);
INSERT INTO `tb_alunos` VALUES ('20131210007',NULL,'Luis Felipe Bentin Sobral',1,NULL,2013);
INSERT INTO `tb_alunos` VALUES ('20131210008',NULL,'Ian Andrade Obraczka',1,NULL,2013);
INSERT INTO `tb_alunos` VALUES ('20131210010',NULL,'Daniela Rocha Silva',1,NULL,2013);
INSERT INTO `tb_alunos` VALUES ('20131210013',NULL,'Davi Anjos de Faria',1,NULL,2013);
INSERT INTO `tb_alunos` VALUES ('20131210019',NULL,'Paula Dias de Figueiredo',1,NULL,2013);
INSERT INTO `tb_alunos` VALUES ('20131210023',NULL,'Gabriel Morais Teixeira',1,NULL,2013);
INSERT INTO `tb_alunos` VALUES ('20131210025',NULL,'Amanda Cristina Rodrigues Ferreira',1,NULL,2013);
INSERT INTO `tb_alunos` VALUES ('20131210026',NULL,'Danielle Taborda de Almeida Correa',1,NULL,2013);
INSERT INTO `tb_alunos` VALUES ('20131210027',NULL,'Quezia Magalhães da Silveira',1,NULL,2013);
INSERT INTO `tb_alunos` VALUES ('20131210029',NULL,'Matheus Miranda Ferreira da Costa',1,NULL,2013);
INSERT INTO `tb_alunos` VALUES ('20131210030',NULL,'Pedro Arthur Rangel Linhares Lima',1,NULL,2013);
INSERT INTO `tb_alunos` VALUES ('20131210033',NULL,'Igor Balteiro Pereira de Campos',1,NULL,2013);
INSERT INTO `tb_alunos` VALUES ('20131210035',NULL,'Gian Biolchini Abi Saber',1,NULL,2013);
INSERT INTO `tb_alunos` VALUES ('20131210037',NULL,'Victor Garcia Farias',1,NULL,2013);
INSERT INTO `tb_alunos` VALUES ('20131210801',NULL,'Anderson Andrade de Sá',1,NULL,2013);
INSERT INTO `tb_alunos` VALUES ('20132210007',NULL,'Débora França de Oliveira',2,NULL,2013);
INSERT INTO `tb_alunos` VALUES ('20132210008',NULL,'Rebecca da Cruz Fernandes Pantoja',2,NULL,2013);
INSERT INTO `tb_alunos` VALUES ('20132210009',NULL,'Lucas dos Santos Salgado',2,NULL,2013);
INSERT INTO `tb_alunos` VALUES ('20132210011',NULL,'Deonir Fernando Ticon Maia de Oliveira',2,NULL,2013);
INSERT INTO `tb_alunos` VALUES ('20132210012',NULL,'JORDANA GISAH CAMPOS MELLO',2,NULL,2013);
INSERT INTO `tb_alunos` VALUES ('20132210013',NULL,'Getulio Pereira de Vasconcellos Filho',2,NULL,2013);
INSERT INTO `tb_alunos` VALUES ('20132210016',NULL,'Rodrigo Marques da Silva',2,NULL,2013);
INSERT INTO `tb_alunos` VALUES ('20132210017',NULL,'Arthur de Oliveira Lopes',2,NULL,2013);
INSERT INTO `tb_alunos` VALUES ('20132210019',NULL,'Gabriella da Silva de Souza',2,NULL,2013);
INSERT INTO `tb_alunos` VALUES ('20132210021',NULL,'Lucas Carvalho de Vasconcellos',2,NULL,2013);
INSERT INTO `tb_alunos` VALUES ('20132210022',NULL,'Marco Antônio Magalhães dos Santos Filho',2,NULL,2013);
INSERT INTO `tb_alunos` VALUES ('20132210024',NULL,'Carlos Humberto Castello Branco Gonçalves Filho',2,NULL,2013);
INSERT INTO `tb_alunos` VALUES ('20132210025',NULL,'Géssica Maria Fontenele Torquato',2,NULL,2013);
INSERT INTO `tb_alunos` VALUES ('20132210026',NULL,'Lucas dos Santos Nascimento',2,NULL,2013);
INSERT INTO `tb_alunos` VALUES ('20132210027',NULL,'YGOR ALEXANDER BESSA LACERDA',2,NULL,2013);
INSERT INTO `tb_alunos` VALUES ('20132210028',NULL,'Daniel da Cruz Corrêa',2,NULL,2013);
INSERT INTO `tb_alunos` VALUES ('20132210029',NULL,'Alexandre Patriota de Lima',2,NULL,2013);
INSERT INTO `tb_alunos` VALUES ('20132210030',NULL,'Daniel Quintana de Andrade',2,NULL,2013);
INSERT INTO `tb_alunos` VALUES ('20132210031',NULL,'Victor Hugo da Silva Brandão',2,NULL,2013);
INSERT INTO `tb_alunos` VALUES ('20132210032',NULL,'Bruno Sales Domingos da Silva',2,NULL,2013);
INSERT INTO `tb_alunos` VALUES ('20132210033',NULL,'Yuri Logatto Pamplona',2,NULL,2013);
INSERT INTO `tb_alunos` VALUES ('20132210034',NULL,'Rafael Lima da Silva Ribeiro',2,NULL,2013);
INSERT INTO `tb_alunos` VALUES ('20132210035',NULL,'Sergio Ricardo Amaral Gomes',2,NULL,2013);
INSERT INTO `tb_alunos` VALUES ('20132210036',NULL,'Adriano Cabral Linhares Mourthé',2,NULL,2013);
INSERT INTO `tb_alunos` VALUES ('20132210850',NULL,'Juliana Gonçalves dos Santos',2,NULL,2013);
INSERT INTO `tb_alunos` VALUES ('20132220856',NULL,'Wesley de Andrade',2,NULL,2013);
INSERT INTO `tb_alunos` VALUES ('20141210001',NULL,'LUCAS DE ALMEIDA LINS',1,NULL,2014);
INSERT INTO `tb_alunos` VALUES ('20141210004',NULL,'ALEX MONTEIRO VITORINO',1,NULL,2014);
INSERT INTO `tb_alunos` VALUES ('20141210005',NULL,'FILIPE ESTEVES GONCALVES',1,NULL,2014);
INSERT INTO `tb_alunos` VALUES ('20141210008',NULL,'HUGO MOURAO DA SILVA',1,NULL,2014);
INSERT INTO `tb_alunos` VALUES ('20141210009',NULL,'BIANCA RODRIGUES TEIXEIRA',1,NULL,2014);
INSERT INTO `tb_alunos` VALUES ('20141210010',NULL,'FLAVIO MATEUS RIBEIRO FREITAS',1,NULL,2014);
INSERT INTO `tb_alunos` VALUES ('20141210011',NULL,'TITO VIEIRA DE REZENDE NETO',1,NULL,2014);
INSERT INTO `tb_alunos` VALUES ('20141210012',NULL,'PAMELLA SANTOS ALFAIA',1,NULL,2014);
INSERT INTO `tb_alunos` VALUES ('20141210015',NULL,'JULIO GONCALVES CAMPOS',1,NULL,2014);
INSERT INTO `tb_alunos` VALUES ('20141210017',NULL,'BRUNO BUCK BRIGAGAO',1,NULL,2014);
INSERT INTO `tb_alunos` VALUES ('20141210018',NULL,'JOUBERT NASCIMENTO FERNANDES',1,NULL,2014);
INSERT INTO `tb_alunos` VALUES ('20141210019',NULL,'LUAN CHRISTIAN DE FREITAS BORGES',1,NULL,2014);
INSERT INTO `tb_alunos` VALUES ('20141210020',NULL,'MARCEL AREAS DE ALMEIDA FILHO',1,NULL,2014);
INSERT INTO `tb_alunos` VALUES ('20141210021',NULL,'LEONARDO FELIPE MENEZES DOS SANTOS',1,NULL,2014);
INSERT INTO `tb_alunos` VALUES ('20141210022',NULL,'GABRIEL MACIEL BORBA',1,NULL,2014);
INSERT INTO `tb_alunos` VALUES ('20141210023',NULL,'PEDRO HENRIQUE SALVIANO FERREIRA',1,NULL,2014);
INSERT INTO `tb_alunos` VALUES ('20141210028',NULL,'ANDRESSA ALVES GUERRA',1,NULL,2014);
INSERT INTO `tb_alunos` VALUES ('20141210029',NULL,'MARINA SARTORI FILGUEIRAS',1,NULL,2014);
INSERT INTO `tb_alunos` VALUES ('20141210030',NULL,'FERNANDO CARDOSO DURIER DA SILVA',1,NULL,2014);
INSERT INTO `tb_alunos` VALUES ('20141210031',NULL,'DANIEL PADRENOSSO GOUY',1,NULL,2014);
INSERT INTO `tb_alunos` VALUES ('20142210001',NULL,'GABRIEL DIAS ABDO CENTEIO',2,NULL,2014);
INSERT INTO `tb_alunos` VALUES ('20142210002',NULL,'THAIS DE SOUZA DELUCA FERREIRA',2,NULL,2014);
INSERT INTO `tb_alunos` VALUES ('20142210003',NULL,'RENATA EMANUELLE VASCONCELLOS ANHON',2,NULL,2014);
INSERT INTO `tb_alunos` VALUES ('20142210004',NULL,'RICARDO AUGUSTO BLEI SANT ANNA DAS NEVES',2,NULL,2014);
INSERT INTO `tb_alunos` VALUES ('20142210006',NULL,'TIAGO RIBEIRO DA SILVA MELO',2,NULL,2014);
INSERT INTO `tb_alunos` VALUES ('20142210008',NULL,'BRUNO BARBOSA FRANCO',2,NULL,2014);
INSERT INTO `tb_alunos` VALUES ('20142210009',NULL,'RODRIGO FARIAS CAETANO',2,NULL,2014);
INSERT INTO `tb_alunos` VALUES ('20142210010',NULL,'MAISON BRUNO ALVES DA COSTA',2,NULL,2014);
INSERT INTO `tb_alunos` VALUES ('20142210011',NULL,'ANDRE DE FREITAS NAIFF',2,NULL,2014);
INSERT INTO `tb_alunos` VALUES ('20142210012',NULL,'BRUNO FERREIRA BRUM',2,NULL,2014);
INSERT INTO `tb_alunos` VALUES ('20142210014',NULL,'ALAN PEREIRA DE SA',2,NULL,2014);
INSERT INTO `tb_alunos` VALUES ('20142210017',NULL,'RODRIGO DOS SANTOS OLIVEIRA',2,NULL,2014);
INSERT INTO `tb_alunos` VALUES ('20142210020',NULL,'HIAGO DE OLIVEIRA CARVALHO',2,NULL,2014);
INSERT INTO `tb_alunos` VALUES ('20142210023',NULL,'BERNARDO CIRNE SEVERO',2,NULL,2014);
INSERT INTO `tb_alunos` VALUES ('20142210024',NULL,'THIAGO ALBUQUERQUE DE LIMA',2,NULL,2014);
INSERT INTO `tb_alunos` VALUES ('20142210025',NULL,'ERICK DESLANDES MAGNO OLIVEIRA',2,NULL,2014);
INSERT INTO `tb_alunos` VALUES ('20142210026',NULL,'RODRIGO RIBEIRO SILVA',2,NULL,2014);
INSERT INTO `tb_alunos` VALUES ('20142210029',NULL,'JONATHAM PETZOLD DE SOUZA DOS SANTOS',2,NULL,2014);
INSERT INTO `tb_alunos` VALUES ('20142210030',NULL,'IGOR AUGUSTO PASSOS',2,NULL,2014);
INSERT INTO `tb_alunos` VALUES ('20142210031',NULL,'LUO HAIBO',2,NULL,2014);
INSERT INTO `tb_alunos` VALUES ('20142210032',NULL,'VICTOR AGUIAR SOUZA SPRINGER',2,NULL,2014);
INSERT INTO `tb_alunos` VALUES ('20151210001',NULL,'RAFAEL SALAZAR STAVALE',1,NULL,2015);
INSERT INTO `tb_alunos` VALUES ('20151210002',NULL,'CARLOS AUGUSTO SANTOS MACIEL',1,NULL,2015);
INSERT INTO `tb_alunos` VALUES ('20151210003',NULL,'DANIEL VILLACA DE OLIVEIRA SILVA',1,NULL,2015);
INSERT INTO `tb_alunos` VALUES ('20151210004',NULL,'Ricardo Goulart Rocha',1,NULL,2015);
INSERT INTO `tb_alunos` VALUES ('20151210006',NULL,'VICTOR CORREA FERNANDES',1,NULL,2015);
INSERT INTO `tb_alunos` VALUES ('20151210007',NULL,'ROMULO LUIZ MENDONCA DE BRITO',1,NULL,2015);
INSERT INTO `tb_alunos` VALUES ('20151210010',NULL,'RENARD SEBASTIAN PESSOA FERREIRA',1,NULL,2015);
INSERT INTO `tb_alunos` VALUES ('20151210012',NULL,'ARY AKIM PEIXOTO DOS SANTOS',1,NULL,2015);
INSERT INTO `tb_alunos` VALUES ('20151210013',NULL,'CASSIO HENRIQUE CABRAL CIDRINI',1,NULL,2015);
INSERT INTO `tb_alunos` VALUES ('20151210015',NULL,'MATHEUS FERNANDES DE SOUZA',1,NULL,2015);
INSERT INTO `tb_alunos` VALUES ('20151210017',NULL,'RICARDO DOS SANTOS BRAMBILA',1,NULL,2015);
INSERT INTO `tb_alunos` VALUES ('20151210018',NULL,'ANA BEATRIZ VALENTINA VIEIRA NOVO',1,NULL,2015);
INSERT INTO `tb_alunos` VALUES ('20151210019',NULL,'LUIZ CARLOS DEGOU JUNIOR',1,NULL,2015);
INSERT INTO `tb_alunos` VALUES ('20151210021',NULL,'MARCIO DE OLIVEIRA GOTTARDO',1,NULL,2015);
INSERT INTO `tb_alunos` VALUES ('20151210022',NULL,'SABRINA LAPA DA COSTA E SILVA',1,NULL,2015);
INSERT INTO `tb_alunos` VALUES ('20151210023',NULL,'ALLAN DOS SANTOS MAGALHAES DE SOUSA',1,NULL,2015);
INSERT INTO `tb_alunos` VALUES ('20151210024',NULL,'THAIS DE SOUZA SIMÕES',1,NULL,2015);
INSERT INTO `tb_alunos` VALUES ('20151210026',NULL,'LEONARDO INOCENCIO VELOSO',1,NULL,2015);
INSERT INTO `tb_alunos` VALUES ('20151210027',NULL,'WALTER FELIX SODRE TORRES',1,NULL,2015);
INSERT INTO `tb_alunos` VALUES ('20151210028',NULL,'ERICK JOE ARAUJO',1,NULL,2015);
INSERT INTO `tb_alunos` VALUES ('20151210029',NULL,'ANTONIO ANDRE LIMA MOREIRA',1,NULL,2015);
INSERT INTO `tb_alunos` VALUES ('20152210001',NULL,'LEONARDO BARROZO ABRANTES VIANA',2,NULL,2015);
INSERT INTO `tb_alunos` VALUES ('20152210002',NULL,'CIRO CASTRO MALHANO',2,NULL,2015);
INSERT INTO `tb_alunos` VALUES ('20152210003',NULL,'MARCO AURELIO TOMAZ JUNIOR',2,NULL,2015);
INSERT INTO `tb_alunos` VALUES ('20152210004',NULL,'JULIO CESAR PEREIRA ANDRADE JUNIOR',2,NULL,2015);
INSERT INTO `tb_alunos` VALUES ('20152210005',NULL,'LINCOLN FONTES DE ALMEIDA',2,NULL,2015);
INSERT INTO `tb_alunos` VALUES ('20152210006',NULL,'GUSTAVO NOWAK SILVA',2,NULL,2015);
INSERT INTO `tb_alunos` VALUES ('20152210007',NULL,'DIEGO BARCANTE PIRES',2,NULL,2015);
INSERT INTO `tb_alunos` VALUES ('20152210008',NULL,'GABRIEL CABRAL REIS',2,NULL,2015);
INSERT INTO `tb_alunos` VALUES ('20152210009',NULL,'ANIZIO DUTRA VIANA JUNIOR',2,NULL,2015);
INSERT INTO `tb_alunos` VALUES ('20152210010',NULL,'MARCOS HENRIQUE BASTOS DE SA SILVA',2,NULL,2015);
INSERT INTO `tb_alunos` VALUES ('20152210011',NULL,'LUCAS PINHEIRO DE ARAUJO',2,NULL,2015);
INSERT INTO `tb_alunos` VALUES ('20152210012',NULL,'ALAN LONES DOS SANTOS',2,NULL,2015);
INSERT INTO `tb_alunos` VALUES ('20152210013',NULL,'ANGELLUS PEREIRA PAIXAO',2,NULL,2015);
INSERT INTO `tb_alunos` VALUES ('20152210014',NULL,'MATEUS DOS SANTOS DORNELES',2,NULL,2015);
INSERT INTO `tb_alunos` VALUES ('20152210015',NULL,'JOAO GABRIEL PASSOS COSENDEY BROUCK',2,NULL,2015);
INSERT INTO `tb_alunos` VALUES ('20152210016',NULL,'RAFAEL PEIXOTO ALONSO MACHADO',2,NULL,2015);
INSERT INTO `tb_alunos` VALUES ('20152210017',NULL,'ARTHUR FERNANDES BARREIRA GUIMARAES',2,NULL,2015);
INSERT INTO `tb_alunos` VALUES ('20152210018',NULL,'PILLAR BENEDETTI VASCONCELLOS LUZ',2,NULL,2015);
INSERT INTO `tb_alunos` VALUES ('20152210019',NULL,'MARIANA CARDOSO PINHEIRO',2,NULL,2015);
INSERT INTO `tb_alunos` VALUES ('20152210020',NULL,'LETICIA SILVERIO MOREIRA',2,NULL,2015);
INSERT INTO `tb_alunos` VALUES ('20152210021',NULL,'HUGO DUARTE BOCAYUVA TAVARES',2,NULL,2015);
INSERT INTO `tb_alunos` VALUES ('20152210022',NULL,'LEONARDO MELO LEMOS',2,NULL,2015);
INSERT INTO `tb_alunos` VALUES ('20152210023',NULL,'LUCAS DE SOUZA RIBEIRO',2,NULL,2015);
INSERT INTO `tb_alunos` VALUES ('20152210024',NULL,'HELIO GARCIA BATISTA',2,NULL,2015);
INSERT INTO `tb_alunos` VALUES ('20152210025',NULL,'PAULO GABRIEL ALVES FONTANA',2,NULL,2015);
INSERT INTO `tb_alunos` VALUES ('20152210026',NULL,'RAFAEL MARTINS SOARES',2,NULL,2015);
INSERT INTO `tb_alunos` VALUES ('20152210027',NULL,'MARIA LUIZA LOPES E SILVA',2,NULL,2015);
INSERT INTO `tb_alunos` VALUES ('20152210028',NULL,'MAGNO NASCIMENTO DE AZEVEDO CRUZ',2,NULL,2015);
INSERT INTO `tb_alunos` VALUES ('20152210029',NULL,'THIAGO DOS SANTOS PINHEIRO',2,NULL,2015);
INSERT INTO `tb_alunos` VALUES ('20152210030',NULL,'PATRICIA DE SOUZA DOS SANTOS',2,NULL,2015);
INSERT INTO `tb_alunos` VALUES ('20152210031',NULL,'VINICIUS MARQUES ZAMITH',2,NULL,2015);
INSERT INTO `tb_alunos` VALUES ('20152210032',NULL,'VINICIUS CONDINA DE ABREU E LIMA',2,NULL,2015);
INSERT INTO `tb_alunos` VALUES ('20152210033',NULL,'CRISTANGENE FERREIRA LIMA',2,NULL,2015);
INSERT INTO `tb_alunos` VALUES ('20152210034',NULL,'FABIO DE MORAES PORTELA',2,NULL,2015);
INSERT INTO `tb_alunos` VALUES ('20152210035',NULL,'MATHEUS DE CASTRO LANDRINI',2,NULL,2015);
INSERT INTO `tb_alunos` VALUES ('20152210036',NULL,'ANDERSON TAVARES QUEIROZ AFONSO',2,NULL,2015);
/*!40000 ALTER TABLE `tb_alunos` ENABLE KEYS */;
UNLOCK TABLES;

--
-- Table structure for table `tb_avaliacao`
--

DROP TABLE IF EXISTS `tb_avaliacao`;
/*!40101 SET @saved_cs_client     = @@character_set_client */;
/*!40101 SET character_set_client = utf8 */;
CREATE TABLE `tb_avaliacao` (
  `ID` int(11) NOT NULL,
  `ID_PERGUNTA` int(11) NOT NULL,
  `ID_RESPOSTA` int(11) NOT NULL,
  `SEMESTRE` int(11) NOT NULL,
  `ANO` int(11) NOT NULL,
  `CODIGO` varchar(10) NOT NULL,
  `MATRICULA` varchar(20) NOT NULL,
  PRIMARY KEY (`ID`),
  UNIQUE KEY `tb_avaliacao_idx` (`ID_PERGUNTA`,`SEMESTRE`,`ANO`,`CODIGO`,`MATRICULA`),
  KEY `fk_av_perg` (`ID_PERGUNTA`) USING BTREE,
  KEY `fk_av_resp` (`ID_RESPOSTA`) USING BTREE,
  KEY `tb_matricula_tb_avaliacao_fk` (`ANO`,`SEMESTRE`,`CODIGO`,`MATRICULA`),
  CONSTRAINT `tb_matricula_tb_avaliacao_fk` FOREIGN KEY (`ANO`, `SEMESTRE`, `CODIGO`, `MATRICULA`) REFERENCES `tb_turma` (`ANO`, `SEMESTRE`, `CODIGO`, `MATRICULA`) ON DELETE NO ACTION ON UPDATE NO ACTION,
  CONSTRAINT `tb_perg_tb_av_fk` FOREIGN KEY (`ID_PERGUNTA`) REFERENCES `tb_perguntas` (`ID`) ON DELETE NO ACTION ON UPDATE NO ACTION,
  CONSTRAINT `tb_resp_tb_av_fk` FOREIGN KEY (`ID_RESPOSTA`) REFERENCES `tb_respostas` (`ID`) ON DELETE NO ACTION ON UPDATE NO ACTION
) ENGINE=InnoDB DEFAULT CHARSET=utf8;
/*!40101 SET character_set_client = @saved_cs_client */;

--
-- Dumping data for table `tb_avaliacao`
--

LOCK TABLES `tb_avaliacao` WRITE;
/*!40000 ALTER TABLE `tb_avaliacao` DISABLE KEYS */;
/*!40000 ALTER TABLE `tb_avaliacao` ENABLE KEYS */;
UNLOCK TABLES;

--
-- Table structure for table `tb_categoria`
--

DROP TABLE IF EXISTS `tb_categoria`;
/*!40101 SET @saved_cs_client     = @@character_set_client */;
/*!40101 SET character_set_client = utf8 */;
CREATE TABLE `tb_categoria` (
  `ID` int(11) NOT NULL AUTO_INCREMENT,
  `CATEGORIA` varchar(20) NOT NULL,
  `FLAG_TIPO` varchar(5) NOT NULL,
  PRIMARY KEY (`ID`)
) ENGINE=InnoDB DEFAULT CHARSET=utf8;
/*!40101 SET character_set_client = @saved_cs_client */;

--
-- Dumping data for table `tb_categoria`
--

LOCK TABLES `tb_categoria` WRITE;
/*!40000 ALTER TABLE `tb_categoria` DISABLE KEYS */;
/*!40000 ALTER TABLE `tb_categoria` ENABLE KEYS */;
UNLOCK TABLES;

--
-- Table structure for table `tb_comentarios`
--

DROP TABLE IF EXISTS `tb_comentarios`;
/*!40101 SET @saved_cs_client     = @@character_set_client */;
/*!40101 SET character_set_client = utf8 */;
CREATE TABLE `tb_comentarios` (
  `ID` int(11) NOT NULL AUTO_INCREMENT,
  `COMENTARIO` varchar(1024) DEFAULT NULL,
  `SUGESTOES` varchar(1024) DEFAULT NULL,
  `ANO` int(11) NOT NULL,
  `SEMESTRE` int(11) NOT NULL,
  `CODIGO` varchar(10) NOT NULL,
  `MATRICULA` varchar(20) NOT NULL,
  PRIMARY KEY (`ID`),
  UNIQUE KEY `tb_comentarios_idx` (`ANO`,`SEMESTRE`,`CODIGO`,`MATRICULA`),
  CONSTRAINT `tb_matricula_tb_comentarios_fk` FOREIGN KEY (`ANO`, `SEMESTRE`, `CODIGO`, `MATRICULA`) REFERENCES `tb_turma` (`ANO`, `SEMESTRE`, `CODIGO`, `MATRICULA`) ON DELETE NO ACTION ON UPDATE NO ACTION
) ENGINE=InnoDB DEFAULT CHARSET=utf8;
/*!40101 SET character_set_client = @saved_cs_client */;

--
-- Dumping data for table `tb_comentarios`
--

LOCK TABLES `tb_comentarios` WRITE;
/*!40000 ALTER TABLE `tb_comentarios` DISABLE KEYS */;
/*!40000 ALTER TABLE `tb_comentarios` ENABLE KEYS */;
UNLOCK TABLES;

--
-- Table structure for table `tb_disciplinas`
--

DROP TABLE IF EXISTS `tb_disciplinas`;
/*!40101 SET @saved_cs_client     = @@character_set_client */;
/*!40101 SET character_set_client = utf8 */;
CREATE TABLE `tb_disciplinas` (
  `CODIGO` varchar(10) NOT NULL,
  `DISCIPLINA` varchar(100) NOT NULL,
  PRIMARY KEY (`CODIGO`)
) ENGINE=InnoDB DEFAULT CHARSET=utf8;
/*!40101 SET character_set_client = @saved_cs_client */;

--
-- Dumping data for table `tb_disciplinas`
--

LOCK TABLES `tb_disciplinas` WRITE;
/*!40000 ALTER TABLE `tb_disciplinas` DISABLE KEYS */;
INSERT INTO `tb_disciplinas` VALUES ('HTD0058','TEORIAS E PRÁTICAS DISCURSIVAS NA ESFERA ACADÊMICA');
INSERT INTO `tb_disciplinas` VALUES ('TIN0011','TÉCNICAS DE PROGRAMAÇÃO II');
INSERT INTO `tb_disciplinas` VALUES ('TIN0013','Análise Empresarial e Administrativa');
INSERT INTO `tb_disciplinas` VALUES ('TIN0054','Atividades Curriculares de Extensão 1');
INSERT INTO `tb_disciplinas` VALUES ('TIN0055','Atividades Curriculares de Extensão 2');
INSERT INTO `tb_disciplinas` VALUES ('TIN0056','Atividades Curriculares de Extensão 3');
INSERT INTO `tb_disciplinas` VALUES ('TIN0057','Atividades Curriculares de Extensão 4');
INSERT INTO `tb_disciplinas` VALUES ('TIN0105','INTRODUÇÃO À LÓGICA COMPUTACIONAL');
INSERT INTO `tb_disciplinas` VALUES ('TIN0106','DESENVOLVIMENTO DE PÁGINAS WEB');
INSERT INTO `tb_disciplinas` VALUES ('TIN0107','TÉCNICAS DE PROGRAMAÇÃO I');
INSERT INTO `tb_disciplinas` VALUES ('TIN0108','ORGANIZAÇÃO DE COMPUTADORES');
INSERT INTO `tb_disciplinas` VALUES ('TIN0109','ESTRUTURAS DISCRETAS');
INSERT INTO `tb_disciplinas` VALUES ('TIN0110','INTERAÇÃO HUMANO-COMPUTADOR');
INSERT INTO `tb_disciplinas` VALUES ('TIN0112','FUNDAMENTOS DE SISTEMAS DE INFORMAÇÃO');
INSERT INTO `tb_disciplinas` VALUES ('TIN0114','ESTRUTURAS DE DADOS I');
INSERT INTO `tb_disciplinas` VALUES ('TIN0115','ANÁLISE DE SISTEMAS');
INSERT INTO `tb_disciplinas` VALUES ('TIN0116','SISTEMAS OPERACIONAIS');
INSERT INTO `tb_disciplinas` VALUES ('TIN0117','ADMINISTRAÇÃO FINANCEIRA');
INSERT INTO `tb_disciplinas` VALUES ('TIN0118','ANÁLISE DE ALGORITMOS');
INSERT INTO `tb_disciplinas` VALUES ('TIN0119','LINGUAGENS FORMAIS E AUTÔMATOS');
INSERT INTO `tb_disciplinas` VALUES ('TIN0120','BANCO DE DADOS I');
INSERT INTO `tb_disciplinas` VALUES ('TIN0121','PROGRAMAÇÃO MODULAR');
INSERT INTO `tb_disciplinas` VALUES ('TIN0122','PROCESSOS DE SOFTWARE');
INSERT INTO `tb_disciplinas` VALUES ('TIN0123','REDES DE COMPUTADORES I');
INSERT INTO `tb_disciplinas` VALUES ('TIN0125','PROJETO E CONSTRUÇÃO DE SISTEMAS COMSGBD');
INSERT INTO `tb_disciplinas` VALUES ('TIN0126','REDES DE COMPUTADORES II');
INSERT INTO `tb_disciplinas` VALUES ('TIN0130','EMPREENDEDORISMO');
INSERT INTO `tb_disciplinas` VALUES ('TIN0131','PROJETO DE GRADUAÇÃO I');
INSERT INTO `tb_disciplinas` VALUES ('TIN0132','GERÊNCIA DE PROJETOS EM INFORMÁTICA');
INSERT INTO `tb_disciplinas` VALUES ('TIN0133','PROJETO DE GRADUAÇÃO II');
INSERT INTO `tb_disciplinas` VALUES ('TIN0141','TÓPICOS AVANÇADOS EM REDES DE COMPUTADORES I');
INSERT INTO `tb_disciplinas` VALUES ('TIN0144','ALGORITMOS PARA PROBLEMAS COMBINATÓRIOS');
INSERT INTO `tb_disciplinas` VALUES ('TIN0145','TÓPICOS AVANÇADOS EM ALGORITMOS I');
INSERT INTO `tb_disciplinas` VALUES ('TIN0160','GESTÃO DE PROCESSOS DE NEGÓCIOS');
INSERT INTO `tb_disciplinas` VALUES ('TIN0161','TÓPICOS AVANÇADOS EM ENGENHARIA DE SOFTWARE I');
INSERT INTO `tb_disciplinas` VALUES ('TIN0162','TÓPICOS AVANÇADOS EM BANCO DE DADOS II');
INSERT INTO `tb_disciplinas` VALUES ('TIN0165','TÓPICOS AVANÇADOS EM REDES DE COMPUTADORES III');
INSERT INTO `tb_disciplinas` VALUES ('TIN0166','TÓPICOS AVANÇADOS EM ENGENHARIA DE SOFTWARE II');
INSERT INTO `tb_disciplinas` VALUES ('TIN0168','ESTRUTURAS DE DADOS II');
INSERT INTO `tb_disciplinas` VALUES ('TIN0169','BANCO DE DADOS II');
INSERT INTO `tb_disciplinas` VALUES ('TIN0171','PROJETO E CONSTRUÇÃO DE SISTEMAS');
INSERT INTO `tb_disciplinas` VALUES ('TME0015','Álgebra Linear');
INSERT INTO `tb_disciplinas` VALUES ('TME0101','MATEMÁTICA BÁSICA');
INSERT INTO `tb_disciplinas` VALUES ('TME0112','CÁLCULO DIFERENCIAL E INTEGRAL I');
INSERT INTO `tb_disciplinas` VALUES ('TME0113','CÁLCULO DIFERENCIAL E INTEGRAL II');
INSERT INTO `tb_disciplinas` VALUES ('TME0114','PROBABILIDADE');
INSERT INTO `tb_disciplinas` VALUES ('TME0115','ESTATÍSTICA');
/*!40000 ALTER TABLE `tb_disciplinas` ENABLE KEYS */;
UNLOCK TABLES;

--
-- Table structure for table `tb_docentes`
--

DROP TABLE IF EXISTS `tb_docentes`;
/*!40101 SET @saved_cs_client     = @@character_set_client */;
/*!40101 SET character_set_client = utf8 */;
CREATE TABLE `tb_docentes` (
  `MATRICULA` varchar(20) NOT NULL,
  `NOME` varchar(80) NOT NULL,
  `EMAIL` varchar(100) DEFAULT NULL,
  `SENHA` varchar(12) NOT NULL,
  `FLAG_ATIVO` char(3) NOT NULL DEFAULT 'SIM',
  PRIMARY KEY (`MATRICULA`)
) ENGINE=InnoDB DEFAULT CHARSET=utf8;
/*!40101 SET character_set_client = @saved_cs_client */;

--
-- Dumping data for table `tb_docentes`
--

LOCK TABLES `tb_docentes` WRITE;
/*!40000 ALTER TABLE `tb_docentes` DISABLE KEYS */;
INSERT INTO `tb_docentes` VALUES ('1177090','LEONARDO LUIZ ALENCASTRO ROCHA',NULL,'LEONARDO117','SIM');
INSERT INTO `tb_docentes` VALUES ('1226424','ASTERIO KIYOSHI TANAKA',NULL,'ASTERIO122','SIM');
INSERT INTO `tb_docentes` VALUES ('1266608','ALEXANDRE ALBINO ANDREATTA',NULL,'ALEXANDRE126','SIM');
INSERT INTO `tb_docentes` VALUES ('1349964','RENATA MENDES DE ARAUJO',NULL,'RENATA134','SIM');
INSERT INTO `tb_docentes` VALUES ('1425387','FLAVIA MARIA SANTORO',NULL,'FLAVIA142','SIM');
INSERT INTO `tb_docentes` VALUES ('1449131','MORGANNA CARMEM DINIZ',NULL,'MORGANNA144','SIM');
INSERT INTO `tb_docentes` VALUES ('1449157','MARCIO DE OLIVEIRA BARROS',NULL,'MARCIO144','SIM');
INSERT INTO `tb_docentes` VALUES ('1475714','FERNANDA ARAUJO BAIAO AMORIM',NULL,'FERNANDA147','SIM');
INSERT INTO `tb_docentes` VALUES ('1486460','ADRIANA CESARIO DE FARIA ALVIM',NULL,'ADRIANA148','SIM');
INSERT INTO `tb_docentes` VALUES ('1514154','Sean Wolfgand Matsui Siqueira',NULL,'Sean151','SIM');
INSERT INTO `tb_docentes` VALUES ('1517183','LEONARDO TADEU SILVARES MARTINS',NULL,'LEONARDO151','SIM');
INSERT INTO `tb_docentes` VALUES ('1552823','Mariano Gomes Pimentel',NULL,'Mariano155','SIM');
INSERT INTO `tb_docentes` VALUES ('1567552','ADRIANA PIMENTA DE FIGUEIREDO',NULL,'ADRIANA156','SIM');
INSERT INTO `tb_docentes` VALUES ('1691767','VANIA MARIA FELIX DIAS',NULL,'VANIA169','SIM');
INSERT INTO `tb_docentes` VALUES ('1694034','CARLOS ALBERTO VIEIRA CAMPOS',NULL,'CARLOS169','SIM');
INSERT INTO `tb_docentes` VALUES ('1726289','GLEISON DOS SANTOS SOUZA',NULL,'GLEISON172','SIM');
INSERT INTO `tb_docentes` VALUES ('1726326','GEIZA MARIA HAMAZAKI DA SILVA',NULL,'GEIZA172','SIM');
INSERT INTO `tb_docentes` VALUES ('1786911','JOSE RICARDO DA SILVA CEREJA',NULL,'JOSE178','SIM');
INSERT INTO `tb_docentes` VALUES ('1796832','RAQUEL TAVARES SCARPELLI DE ARAUJO MOREIRA',NULL,'RAQUEL179','SIM');
INSERT INTO `tb_docentes` VALUES ('1816989','CLAUDIA CAPPELLI ALÓ',NULL,'CLAUDIA181','SIM');
INSERT INTO `tb_docentes` VALUES ('1817188','JOSE TEIXEIRA CAL NETO',NULL,'JOSE181','SIM');
INSERT INTO `tb_docentes` VALUES ('1868868','BRUNO  FRANCISCO TEIXEIRA SIMÕES',NULL,'BRUNO186','SIM');
INSERT INTO `tb_docentes` VALUES ('2084385','Pedro Nuno de Souza Moura',NULL,'Pedro208','SIM');
INSERT INTO `tb_docentes` VALUES ('2104303','STEVEN DUTT-ROSS',NULL,'STEVEN210','SIM');
INSERT INTO `tb_docentes` VALUES ('2522048','SIDNEY CUNHA DE LUCENA',NULL,'SIDNEY252','SIM');
INSERT INTO `tb_docentes` VALUES ('2544550','LEONARDO GUERREIRO AZEVEDO',NULL,'LEONARDO254','SIM');
INSERT INTO `tb_docentes` VALUES ('2546380','KATE CERQUEIRA REVOREDO',NULL,'KATE254','SIM');
INSERT INTO `tb_docentes` VALUES ('2609105','ALEXANDRE LUIS CORREA',NULL,'ALEXANDRE260','SIM');
INSERT INTO `tb_docentes` VALUES ('311340','LUIZ CARLOS MONTEZ MONTE',NULL,'LUIZ311','SIM');
INSERT INTO `tb_docentes` VALUES ('390278','BENUR DE AZEVEDO GIRARDI',NULL,'BENUR390','SIM');
INSERT INTO `tb_docentes` VALUES ('6359431','LUCIA MARIA MOUTINHO RIBEIRO',NULL,'LUCIA635','SIM');
INSERT INTO `tb_docentes` VALUES ('6386898','LEILA CRISTINA VASCONCELOS DE ANDRADE',NULL,'LEILA638','SIM');
INSERT INTO `tb_docentes` VALUES ('665334','SIMONE MARIA BACELLAR LEAL FERREIRA',NULL,'SIMONE665','SIM');
/*!40000 ALTER TABLE `tb_docentes` ENABLE KEYS */;
UNLOCK TABLES;

--
-- Table structure for table `tb_oferta`
--

DROP TABLE IF EXISTS `tb_oferta`;
/*!40101 SET @saved_cs_client     = @@character_set_client */;
/*!40101 SET character_set_client = utf8 */;
CREATE TABLE `tb_oferta` (
  `ANO` int(11) NOT NULL,
  `CODIGO` varchar(10) NOT NULL,
  `MATRICULA` varchar(20) NOT NULL,
  `SEMESTRE` int(11) NOT NULL,
  PRIMARY KEY (`ANO`,`CODIGO`,`MATRICULA`,`SEMESTRE`),
  KEY `tb_tempo_tb_oferta_fk` (`ANO`,`SEMESTRE`),
  KEY `tb_disciplinas_tb_oferta_fk` (`CODIGO`),
  KEY `tb_docentes_tb_oferta_fk` (`MATRICULA`),
  CONSTRAINT `tb_docentes_tb_oferta_fk` FOREIGN KEY (`MATRICULA`) REFERENCES `tb_docentes` (`MATRICULA`) ON DELETE NO ACTION ON UPDATE NO ACTION,
  CONSTRAINT `tb_disciplinas_tb_oferta_fk` FOREIGN KEY (`CODIGO`) REFERENCES `tb_disciplinas` (`CODIGO`) ON DELETE NO ACTION ON UPDATE NO ACTION,
  CONSTRAINT `tb_tempo_tb_oferta_fk` FOREIGN KEY (`ANO`, `SEMESTRE`) REFERENCES `tb_tempo` (`ANO`, `SEMESTRE`) ON DELETE NO ACTION ON UPDATE NO ACTION
) ENGINE=InnoDB DEFAULT CHARSET=utf8;
/*!40101 SET character_set_client = @saved_cs_client */;

--
-- Dumping data for table `tb_oferta`
--

LOCK TABLES `tb_oferta` WRITE;
/*!40000 ALTER TABLE `tb_oferta` DISABLE KEYS */;
INSERT INTO `tb_oferta` VALUES (2015,'HTD0058','6359431',2);
INSERT INTO `tb_oferta` VALUES (2015,'TIN0011','2084385',2);
INSERT INTO `tb_oferta` VALUES (2015,'TIN0013','1816989',2);
INSERT INTO `tb_oferta` VALUES (2015,'TIN0054','1226424',2);
INSERT INTO `tb_oferta` VALUES (2015,'TIN0055','1226424',2);
INSERT INTO `tb_oferta` VALUES (2015,'TIN0056','1226424',2);
INSERT INTO `tb_oferta` VALUES (2015,'TIN0057','1226424',2);
INSERT INTO `tb_oferta` VALUES (2015,'TIN0105','1266608',2);
INSERT INTO `tb_oferta` VALUES (2015,'TIN0106','1552823',2);
INSERT INTO `tb_oferta` VALUES (2015,'TIN0107','1726326',2);
INSERT INTO `tb_oferta` VALUES (2015,'TIN0108','1177090',2);
INSERT INTO `tb_oferta` VALUES (2015,'TIN0109','2546380',2);
INSERT INTO `tb_oferta` VALUES (2015,'TIN0110','665334',2);
INSERT INTO `tb_oferta` VALUES (2015,'TIN0112','1514154',2);
INSERT INTO `tb_oferta` VALUES (2015,'TIN0114','1486460',2);
INSERT INTO `tb_oferta` VALUES (2015,'TIN0115','1425387',2);
INSERT INTO `tb_oferta` VALUES (2015,'TIN0116','1449131',2);
INSERT INTO `tb_oferta` VALUES (2015,'TIN0116','2522048',2);
INSERT INTO `tb_oferta` VALUES (2015,'TIN0117','390278',2);
INSERT INTO `tb_oferta` VALUES (2015,'TIN0118','1691767',2);
INSERT INTO `tb_oferta` VALUES (2015,'TIN0119','1726326',2);
INSERT INTO `tb_oferta` VALUES (2015,'TIN0120','311340',2);
INSERT INTO `tb_oferta` VALUES (2015,'TIN0121','2609105',2);
INSERT INTO `tb_oferta` VALUES (2015,'TIN0122','1726289',2);
INSERT INTO `tb_oferta` VALUES (2015,'TIN0123','2522048',2);
INSERT INTO `tb_oferta` VALUES (2015,'TIN0125','2544550',2);
INSERT INTO `tb_oferta` VALUES (2015,'TIN0126','1694034',2);
INSERT INTO `tb_oferta` VALUES (2015,'TIN0128','6386898',2);
INSERT INTO `tb_oferta` VALUES (2015,'TIN0130','1786911',2);
INSERT INTO `tb_oferta` VALUES (2015,'TIN0131','1425387',2);
INSERT INTO `tb_oferta` VALUES (2015,'TIN0132','1449157',2);
INSERT INTO `tb_oferta` VALUES (2015,'TIN0133','1449157',2);
INSERT INTO `tb_oferta` VALUES (2015,'TIN0137','1226424',2);
INSERT INTO `tb_oferta` VALUES (2015,'TIN0141','1177090',2);
INSERT INTO `tb_oferta` VALUES (2015,'TIN0145','390278',2);
INSERT INTO `tb_oferta` VALUES (2015,'TIN0148','1552823',2);
INSERT INTO `tb_oferta` VALUES (2015,'TIN0150','1449131',2);
INSERT INTO `tb_oferta` VALUES (2015,'TIN0159','1425387',2);
INSERT INTO `tb_oferta` VALUES (2015,'TIN0160','1349964',2);
INSERT INTO `tb_oferta` VALUES (2015,'TIN0161','1449157',2);
INSERT INTO `tb_oferta` VALUES (2015,'TIN0162','1552823',2);
INSERT INTO `tb_oferta` VALUES (2015,'TIN0162','2544550',2);
INSERT INTO `tb_oferta` VALUES (2015,'TIN0163','1475714',2);
INSERT INTO `tb_oferta` VALUES (2015,'TIN0164','1449131',2);
INSERT INTO `tb_oferta` VALUES (2015,'TIN0165','1786911',2);
INSERT INTO `tb_oferta` VALUES (2015,'TIN0166','1226424',2);
INSERT INTO `tb_oferta` VALUES (2015,'TIN0168','1691767',2);
INSERT INTO `tb_oferta` VALUES (2015,'TIN0169','1475714',2);
INSERT INTO `tb_oferta` VALUES (2015,'TIN0171','2609105',2);
INSERT INTO `tb_oferta` VALUES (2015,'TME0015','1567552',2);
INSERT INTO `tb_oferta` VALUES (2015,'TME0101','1517183',2);
INSERT INTO `tb_oferta` VALUES (2015,'TME0112','1796832',2);
INSERT INTO `tb_oferta` VALUES (2015,'TME0113','1817188',2);
INSERT INTO `tb_oferta` VALUES (2015,'TME0114','2104303',2);
INSERT INTO `tb_oferta` VALUES (2015,'TME0115','1868868',2);
/*!40000 ALTER TABLE `tb_oferta` ENABLE KEYS */;
UNLOCK TABLES;

--
-- Table structure for table `tb_perguntas`
--

DROP TABLE IF EXISTS `tb_perguntas`;
/*!40101 SET @saved_cs_client     = @@character_set_client */;
/*!40101 SET character_set_client = utf8 */;
CREATE TABLE `tb_perguntas` (
  `ID` int(11) NOT NULL AUTO_INCREMENT,
  `PERGUNTA` varchar(1024) NOT NULL,
  `FLAG_ATIVO` char(1) NOT NULL,
  `ID_CATEGORIA` int(11) NOT NULL,
  PRIMARY KEY (`ID`),
  KEY `fk_perg_cat` (`ID_CATEGORIA`) USING BTREE,
  CONSTRAINT `tb_cat_tb_perg_fk` FOREIGN KEY (`ID_CATEGORIA`) REFERENCES `tb_categoria` (`ID`) ON DELETE NO ACTION ON UPDATE NO ACTION
) ENGINE=InnoDB DEFAULT CHARSET=utf8;
/*!40101 SET character_set_client = @saved_cs_client */;

--
-- Dumping data for table `tb_perguntas`
--

LOCK TABLES `tb_perguntas` WRITE;
/*!40000 ALTER TABLE `tb_perguntas` DISABLE KEYS */;
/*!40000 ALTER TABLE `tb_perguntas` ENABLE KEYS */;
UNLOCK TABLES;

--
-- Table structure for table `tb_respostas`
--

DROP TABLE IF EXISTS `tb_respostas`;
/*!40101 SET @saved_cs_client     = @@character_set_client */;
/*!40101 SET character_set_client = utf8 */;
CREATE TABLE `tb_respostas` (
  `ID` int(11) NOT NULL AUTO_INCREMENT,
  `RESPOSTA` varchar(250) NOT NULL,
  `FLAG_ATIVO` char(1) NOT NULL,
  `VALOR` int(11) NOT NULL,
  `ID_CATEGORIA` int(11) NOT NULL,
  PRIMARY KEY (`ID`),
  KEY `fk_resp_cat` (`ID_CATEGORIA`) USING BTREE,
  CONSTRAINT `tb_cat_tb_resp_fk` FOREIGN KEY (`ID_CATEGORIA`) REFERENCES `tb_categoria` (`ID`) ON DELETE NO ACTION ON UPDATE NO ACTION
) ENGINE=InnoDB DEFAULT CHARSET=utf8;
/*!40101 SET character_set_client = @saved_cs_client */;

--
-- Dumping data for table `tb_respostas`
--

LOCK TABLES `tb_respostas` WRITE;
/*!40000 ALTER TABLE `tb_respostas` DISABLE KEYS */;
/*!40000 ALTER TABLE `tb_respostas` ENABLE KEYS */;
UNLOCK TABLES;

--
-- Table structure for table `tb_tempo`
--

DROP TABLE IF EXISTS `tb_tempo`;
/*!40101 SET @saved_cs_client     = @@character_set_client */;
/*!40101 SET character_set_client = utf8 */;
CREATE TABLE `tb_tempo` (
  `ANO` int(11) NOT NULL,
  `SEMESTRE` int(11) NOT NULL,
  `flag_corrente` varchar(3) NOT NULL,
  PRIMARY KEY (`ANO`,`SEMESTRE`)
) ENGINE=InnoDB DEFAULT CHARSET=utf8;
/*!40101 SET character_set_client = @saved_cs_client */;

--
-- Dumping data for table `tb_tempo`
--

LOCK TABLES `tb_tempo` WRITE;
/*!40000 ALTER TABLE `tb_tempo` DISABLE KEYS */;
INSERT INTO `tb_tempo` VALUES (2,2015,'SIM');
/*!40000 ALTER TABLE `tb_tempo` ENABLE KEYS */;
UNLOCK TABLES;

--
-- Table structure for table `tb_turma`
--

DROP TABLE IF EXISTS `tb_turma`;
/*!40101 SET @saved_cs_client     = @@character_set_client */;
/*!40101 SET character_set_client = utf8 */;
CREATE TABLE `tb_turma` (
  `ANO` int(11) NOT NULL,
  `SEMESTRE` int(11) NOT NULL,
  `CODIGO` varchar(10) NOT NULL,
  `MATRICULA` varchar(20) NOT NULL,
  `FLAG_AVALIADO` varchar(3) NOT NULL DEFAULT 'NÃO',
  PRIMARY KEY (`ANO`,`SEMESTRE`,`CODIGO`,`MATRICULA`),
  KEY `tb_alunos_tb_matricula_fk` (`MATRICULA`),
  KEY `tb_oferta_tb_matricula_fk` (`ANO`,`CODIGO`,`MATRICULA`,`SEMESTRE`),
  CONSTRAINT `tb_oferta_tb_matricula_fk` FOREIGN KEY (`ANO`, `CODIGO`, `MATRICULA`, `SEMESTRE`) REFERENCES `tb_oferta` (`ANO`, `CODIGO`, `MATRICULA`, `SEMESTRE`) ON DELETE NO ACTION ON UPDATE NO ACTION,
  CONSTRAINT `tb_alunos_tb_matricula_fk` FOREIGN KEY (`MATRICULA`) REFERENCES `tb_alunos` (`MATRICULA`) ON DELETE NO ACTION ON UPDATE NO ACTION
) ENGINE=InnoDB DEFAULT CHARSET=utf8;
/*!40101 SET character_set_client = @saved_cs_client */;

--
-- Dumping data for table `tb_turma`
--

LOCK TABLES `tb_turma` WRITE;
/*!40000 ALTER TABLE `tb_turma` DISABLE KEYS */;
INSERT INTO `tb_turma` VALUES (2015,2,'HTD0058','20132210011','NÃO');
INSERT INTO `tb_turma` VALUES (2015,2,'HTD0058','20142210001','NÃO');
INSERT INTO `tb_turma` VALUES (2015,2,'HTD0058','20142210010','NÃO');
INSERT INTO `tb_turma` VALUES (2015,2,'HTD0058','20142210025','NÃO');
INSERT INTO `tb_turma` VALUES (2015,2,'HTD0058','20151210021','NÃO');
INSERT INTO `tb_turma` VALUES (2015,2,'HTD0058','20151210026','NÃO');
INSERT INTO `tb_turma` VALUES (2015,2,'HTD0058','20152210001','NÃO');
INSERT INTO `tb_turma` VALUES (2015,2,'HTD0058','20152210002','NÃO');
INSERT INTO `tb_turma` VALUES (2015,2,'HTD0058','20152210003','NÃO');
INSERT INTO `tb_turma` VALUES (2015,2,'HTD0058','20152210004','NÃO');
INSERT INTO `tb_turma` VALUES (2015,2,'HTD0058','20152210005','NÃO');
INSERT INTO `tb_turma` VALUES (2015,2,'HTD0058','20152210006','NÃO');
INSERT INTO `tb_turma` VALUES (2015,2,'HTD0058','20152210007','NÃO');
INSERT INTO `tb_turma` VALUES (2015,2,'HTD0058','20152210009','NÃO');
INSERT INTO `tb_turma` VALUES (2015,2,'HTD0058','20152210010','NÃO');
INSERT INTO `tb_turma` VALUES (2015,2,'HTD0058','20152210011','NÃO');
INSERT INTO `tb_turma` VALUES (2015,2,'HTD0058','20152210013','NÃO');
INSERT INTO `tb_turma` VALUES (2015,2,'HTD0058','20152210014','NÃO');
INSERT INTO `tb_turma` VALUES (2015,2,'HTD0058','20152210015','NÃO');
INSERT INTO `tb_turma` VALUES (2015,2,'HTD0058','20152210016','NÃO');
INSERT INTO `tb_turma` VALUES (2015,2,'HTD0058','20152210017','NÃO');
INSERT INTO `tb_turma` VALUES (2015,2,'HTD0058','20152210018','NÃO');
INSERT INTO `tb_turma` VALUES (2015,2,'HTD0058','20152210019','NÃO');
INSERT INTO `tb_turma` VALUES (2015,2,'HTD0058','20152210020','NÃO');
INSERT INTO `tb_turma` VALUES (2015,2,'HTD0058','20152210021','NÃO');
INSERT INTO `tb_turma` VALUES (2015,2,'HTD0058','20152210022','NÃO');
INSERT INTO `tb_turma` VALUES (2015,2,'HTD0058','20152210023','NÃO');
INSERT INTO `tb_turma` VALUES (2015,2,'HTD0058','20152210024','NÃO');
INSERT INTO `tb_turma` VALUES (2015,2,'HTD0058','20152210025','NÃO');
INSERT INTO `tb_turma` VALUES (2015,2,'HTD0058','20152210026','NÃO');
INSERT INTO `tb_turma` VALUES (2015,2,'HTD0058','20152210027','NÃO');
INSERT INTO `tb_turma` VALUES (2015,2,'HTD0058','20152210028','NÃO');
INSERT INTO `tb_turma` VALUES (2015,2,'HTD0058','20152210029','NÃO');
INSERT INTO `tb_turma` VALUES (2015,2,'HTD0058','20152210031','NÃO');
INSERT INTO `tb_turma` VALUES (2015,2,'HTD0058','20152210032','NÃO');
INSERT INTO `tb_turma` VALUES (2015,2,'HTD0058','20152210033','NÃO');
INSERT INTO `tb_turma` VALUES (2015,2,'HTD0058','20152210034','NÃO');
INSERT INTO `tb_turma` VALUES (2015,2,'HTD0058','20152210035','NÃO');
INSERT INTO `tb_turma` VALUES (2015,2,'HTD0058','20152210036','NÃO');
INSERT INTO `tb_turma` VALUES (2015,2,'TIN0011','20101210003','NÃO');
INSERT INTO `tb_turma` VALUES (2015,2,'TIN0011','20101210024','NÃO');
INSERT INTO `tb_turma` VALUES (2015,2,'TIN0011','20102210701','NÃO');
INSERT INTO `tb_turma` VALUES (2015,2,'TIN0011','20121210018','NÃO');
INSERT INTO `tb_turma` VALUES (2015,2,'TIN0011','20122210032','NÃO');
INSERT INTO `tb_turma` VALUES (2015,2,'TIN0011','20131210027','NÃO');
INSERT INTO `tb_turma` VALUES (2015,2,'TIN0011','20131210801','NÃO');
INSERT INTO `tb_turma` VALUES (2015,2,'TIN0011','20132210011','NÃO');
INSERT INTO `tb_turma` VALUES (2015,2,'TIN0011','20132210031','NÃO');
INSERT INTO `tb_turma` VALUES (2015,2,'TIN0011','20141210018','NÃO');
INSERT INTO `tb_turma` VALUES (2015,2,'TIN0011','20142210020','NÃO');
INSERT INTO `tb_turma` VALUES (2015,2,'TIN0011','20151210001','NÃO');
INSERT INTO `tb_turma` VALUES (2015,2,'TIN0011','20151210002','NÃO');
INSERT INTO `tb_turma` VALUES (2015,2,'TIN0011','20151210017','NÃO');
INSERT INTO `tb_turma` VALUES (2015,2,'TIN0011','20151210022','NÃO');
INSERT INTO `tb_turma` VALUES (2015,2,'TIN0011','20151210024','NÃO');
INSERT INTO `tb_turma` VALUES (2015,2,'TIN0013','20111210027','NÃO');
INSERT INTO `tb_turma` VALUES (2015,2,'TIN0013','20121210018','NÃO');
INSERT INTO `tb_turma` VALUES (2015,2,'TIN0013','20131210008','NÃO');
INSERT INTO `tb_turma` VALUES (2015,2,'TIN0013','20132210012','NÃO');
INSERT INTO `tb_turma` VALUES (2015,2,'TIN0013','20132210027','NÃO');
INSERT INTO `tb_turma` VALUES (2015,2,'TIN0013','20132210035','NÃO');
INSERT INTO `tb_turma` VALUES (2015,2,'TIN0013','20142210008','NÃO');
INSERT INTO `tb_turma` VALUES (2015,2,'TIN0013','20151210001','NÃO');
INSERT INTO `tb_turma` VALUES (2015,2,'TIN0013','20151210006','NÃO');
INSERT INTO `tb_turma` VALUES (2015,2,'TIN0013','20151210012','NÃO');
INSERT INTO `tb_turma` VALUES (2015,2,'TIN0013','20151210013','NÃO');
INSERT INTO `tb_turma` VALUES (2015,2,'TIN0013','20151210017','NÃO');
INSERT INTO `tb_turma` VALUES (2015,2,'TIN0013','20151210018','NÃO');
INSERT INTO `tb_turma` VALUES (2015,2,'TIN0013','20151210019','NÃO');
INSERT INTO `tb_turma` VALUES (2015,2,'TIN0013','20151210022','NÃO');
INSERT INTO `tb_turma` VALUES (2015,2,'TIN0054','20101210024','NÃO');
INSERT INTO `tb_turma` VALUES (2015,2,'TIN0054','20112210005','NÃO');
INSERT INTO `tb_turma` VALUES (2015,2,'TIN0054','20112210023','NÃO');
INSERT INTO `tb_turma` VALUES (2015,2,'TIN0054','20112210028','NÃO');
INSERT INTO `tb_turma` VALUES (2015,2,'TIN0054','20121210018','NÃO');
INSERT INTO `tb_turma` VALUES (2015,2,'TIN0054','20122210010','NÃO');
INSERT INTO `tb_turma` VALUES (2015,2,'TIN0054','20122210015','NÃO');
INSERT INTO `tb_turma` VALUES (2015,2,'TIN0054','20122210019','NÃO');
INSERT INTO `tb_turma` VALUES (2015,2,'TIN0054','20122210027','NÃO');
INSERT INTO `tb_turma` VALUES (2015,2,'TIN0054','20122210032','NÃO');
INSERT INTO `tb_turma` VALUES (2015,2,'TIN0054','20131210013','NÃO');
INSERT INTO `tb_turma` VALUES (2015,2,'TIN0054','20131210019','NÃO');
INSERT INTO `tb_turma` VALUES (2015,2,'TIN0054','20132210008','NÃO');
INSERT INTO `tb_turma` VALUES (2015,2,'TIN0054','20132210009','NÃO');
INSERT INTO `tb_turma` VALUES (2015,2,'TIN0054','20132210016','NÃO');
INSERT INTO `tb_turma` VALUES (2015,2,'TIN0054','20132210022','NÃO');
INSERT INTO `tb_turma` VALUES (2015,2,'TIN0054','20132210025','NÃO');
INSERT INTO `tb_turma` VALUES (2015,2,'TIN0054','20132210026','NÃO');
INSERT INTO `tb_turma` VALUES (2015,2,'TIN0054','20132210027','NÃO');
INSERT INTO `tb_turma` VALUES (2015,2,'TIN0054','20132210029','NÃO');
INSERT INTO `tb_turma` VALUES (2015,2,'TIN0054','20132210030','NÃO');
INSERT INTO `tb_turma` VALUES (2015,2,'TIN0054','20132210033','NÃO');
INSERT INTO `tb_turma` VALUES (2015,2,'TIN0054','20132210034','NÃO');
INSERT INTO `tb_turma` VALUES (2015,2,'TIN0054','20141210015','NÃO');
INSERT INTO `tb_turma` VALUES (2015,2,'TIN0054','20141210028','NÃO');
INSERT INTO `tb_turma` VALUES (2015,2,'TIN0054','20141210030','NÃO');
INSERT INTO `tb_turma` VALUES (2015,2,'TIN0054','20142210004','NÃO');
INSERT INTO `tb_turma` VALUES (2015,2,'TIN0054','20142210017','NÃO');
INSERT INTO `tb_turma` VALUES (2015,2,'TIN0054','20142210024','NÃO');
INSERT INTO `tb_turma` VALUES (2015,2,'TIN0054','20142210026','NÃO');
INSERT INTO `tb_turma` VALUES (2015,2,'TIN0054','20151210003','NÃO');
INSERT INTO `tb_turma` VALUES (2015,2,'TIN0054','20151210007','NÃO');
INSERT INTO `tb_turma` VALUES (2015,2,'TIN0054','20151210010','NÃO');
INSERT INTO `tb_turma` VALUES (2015,2,'TIN0054','20151210017','NÃO');
INSERT INTO `tb_turma` VALUES (2015,2,'TIN0054','20151210018','NÃO');
INSERT INTO `tb_turma` VALUES (2015,2,'TIN0055','20111210012','NÃO');
INSERT INTO `tb_turma` VALUES (2015,2,'TIN0055','20112210008','NÃO');
INSERT INTO `tb_turma` VALUES (2015,2,'TIN0055','20112210023','NÃO');
INSERT INTO `tb_turma` VALUES (2015,2,'TIN0055','20121210018','NÃO');
INSERT INTO `tb_turma` VALUES (2015,2,'TIN0055','20122210017','NÃO');
INSERT INTO `tb_turma` VALUES (2015,2,'TIN0055','20122210025','NÃO');
INSERT INTO `tb_turma` VALUES (2015,2,'TIN0055','20131210005','NÃO');
INSERT INTO `tb_turma` VALUES (2015,2,'TIN0055','20131210010','NÃO');
INSERT INTO `tb_turma` VALUES (2015,2,'TIN0055','20131210030','NÃO');
INSERT INTO `tb_turma` VALUES (2015,2,'TIN0055','20131210037','NÃO');
INSERT INTO `tb_turma` VALUES (2015,2,'TIN0055','20132210007','NÃO');
INSERT INTO `tb_turma` VALUES (2015,2,'TIN0055','20132210017','NÃO');
INSERT INTO `tb_turma` VALUES (2015,2,'TIN0055','20141210001','NÃO');
INSERT INTO `tb_turma` VALUES (2015,2,'TIN0055','20141210004','NÃO');
INSERT INTO `tb_turma` VALUES (2015,2,'TIN0055','20141210009','NÃO');
INSERT INTO `tb_turma` VALUES (2015,2,'TIN0055','20141210011','NÃO');
INSERT INTO `tb_turma` VALUES (2015,2,'TIN0055','20141210012','NÃO');
INSERT INTO `tb_turma` VALUES (2015,2,'TIN0055','20141210020','NÃO');
INSERT INTO `tb_turma` VALUES (2015,2,'TIN0055','20141210021','NÃO');
INSERT INTO `tb_turma` VALUES (2015,2,'TIN0055','20141210031','NÃO');
INSERT INTO `tb_turma` VALUES (2015,2,'TIN0055','20142210003','NÃO');
INSERT INTO `tb_turma` VALUES (2015,2,'TIN0055','20142210023','NÃO');
INSERT INTO `tb_turma` VALUES (2015,2,'TIN0055','20142210032','NÃO');
INSERT INTO `tb_turma` VALUES (2015,2,'TIN0056','20092210138','NÃO');
INSERT INTO `tb_turma` VALUES (2015,2,'TIN0056','20111210025','NÃO');
INSERT INTO `tb_turma` VALUES (2015,2,'TIN0056','20111210027','NÃO');
INSERT INTO `tb_turma` VALUES (2015,2,'TIN0056','20121210005','NÃO');
INSERT INTO `tb_turma` VALUES (2015,2,'TIN0056','20122210008','NÃO');
INSERT INTO `tb_turma` VALUES (2015,2,'TIN0056','20122210011','NÃO');
INSERT INTO `tb_turma` VALUES (2015,2,'TIN0056','20122210026','NÃO');
INSERT INTO `tb_turma` VALUES (2015,2,'TIN0056','20131210006','NÃO');
INSERT INTO `tb_turma` VALUES (2015,2,'TIN0056','20131210035','NÃO');
INSERT INTO `tb_turma` VALUES (2015,2,'TIN0056','20131210801','NÃO');
INSERT INTO `tb_turma` VALUES (2015,2,'TIN0056','20132210007','NÃO');
INSERT INTO `tb_turma` VALUES (2015,2,'TIN0057','20091210020','NÃO');
INSERT INTO `tb_turma` VALUES (2015,2,'TIN0057','20091210038','NÃO');
INSERT INTO `tb_turma` VALUES (2015,2,'TIN0057','20101210015','NÃO');
INSERT INTO `tb_turma` VALUES (2015,2,'TIN0057','20102210702','NÃO');
INSERT INTO `tb_turma` VALUES (2015,2,'TIN0057','20111210013','NÃO');
INSERT INTO `tb_turma` VALUES (2015,2,'TIN0057','20112210009','NÃO');
INSERT INTO `tb_turma` VALUES (2015,2,'TIN0057','20121210012','NÃO');
INSERT INTO `tb_turma` VALUES (2015,2,'TIN0057','20121210014','NÃO');
INSERT INTO `tb_turma` VALUES (2015,2,'TIN0057','20121210019','NÃO');
INSERT INTO `tb_turma` VALUES (2015,2,'TIN0057','20122210003','NÃO');
INSERT INTO `tb_turma` VALUES (2015,2,'TIN0057','20122210021','NÃO');
INSERT INTO `tb_turma` VALUES (2015,2,'TIN0057','20131210033','NÃO');
INSERT INTO `tb_turma` VALUES (2015,2,'TIN0057','20132210032','NÃO');
INSERT INTO `tb_turma` VALUES (2015,2,'TIN0105','20111210025','NÃO');
INSERT INTO `tb_turma` VALUES (2015,2,'TIN0105','20122210032','NÃO');
INSERT INTO `tb_turma` VALUES (2015,2,'TIN0105','20131210027','NÃO');
INSERT INTO `tb_turma` VALUES (2015,2,'TIN0105','20132210024','NÃO');
INSERT INTO `tb_turma` VALUES (2015,2,'TIN0105','20141210004','NÃO');
INSERT INTO `tb_turma` VALUES (2015,2,'TIN0105','20141210023','NÃO');
INSERT INTO `tb_turma` VALUES (2015,2,'TIN0105','20142210008','NÃO');
INSERT INTO `tb_turma` VALUES (2015,2,'TIN0105','20142210009','NÃO');
INSERT INTO `tb_turma` VALUES (2015,2,'TIN0105','20142210011','NÃO');
INSERT INTO `tb_turma` VALUES (2015,2,'TIN0105','20142210014','NÃO');
INSERT INTO `tb_turma` VALUES (2015,2,'TIN0105','20142210020','NÃO');
INSERT INTO `tb_turma` VALUES (2015,2,'TIN0105','20142210031','NÃO');
INSERT INTO `tb_turma` VALUES (2015,2,'TIN0105','20151210001','NÃO');
INSERT INTO `tb_turma` VALUES (2015,2,'TIN0105','20151210002','NÃO');
INSERT INTO `tb_turma` VALUES (2015,2,'TIN0105','20151210012','NÃO');
INSERT INTO `tb_turma` VALUES (2015,2,'TIN0105','20151210013','NÃO');
INSERT INTO `tb_turma` VALUES (2015,2,'TIN0105','20151210018','NÃO');
INSERT INTO `tb_turma` VALUES (2015,2,'TIN0105','20151210022','NÃO');
INSERT INTO `tb_turma` VALUES (2015,2,'TIN0105','20151210023','NÃO');
INSERT INTO `tb_turma` VALUES (2015,2,'TIN0105','20151210024','NÃO');
INSERT INTO `tb_turma` VALUES (2015,2,'TIN0105','20151210027','NÃO');
INSERT INTO `tb_turma` VALUES (2015,2,'TIN0106','20132220856','NÃO');
INSERT INTO `tb_turma` VALUES (2015,2,'TIN0106','20141210018','NÃO');
INSERT INTO `tb_turma` VALUES (2015,2,'TIN0106','20142210010','NÃO');
INSERT INTO `tb_turma` VALUES (2015,2,'TIN0106','20142210014','NÃO');
INSERT INTO `tb_turma` VALUES (2015,2,'TIN0106','20142210025','NÃO');
INSERT INTO `tb_turma` VALUES (2015,2,'TIN0106','20151210021','NÃO');
INSERT INTO `tb_turma` VALUES (2015,2,'TIN0106','20151210026','NÃO');
INSERT INTO `tb_turma` VALUES (2015,2,'TIN0106','20152210001','NÃO');
INSERT INTO `tb_turma` VALUES (2015,2,'TIN0106','20152210002','NÃO');
INSERT INTO `tb_turma` VALUES (2015,2,'TIN0106','20152210003','NÃO');
INSERT INTO `tb_turma` VALUES (2015,2,'TIN0106','20152210004','NÃO');
INSERT INTO `tb_turma` VALUES (2015,2,'TIN0106','20152210005','NÃO');
INSERT INTO `tb_turma` VALUES (2015,2,'TIN0106','20152210006','NÃO');
INSERT INTO `tb_turma` VALUES (2015,2,'TIN0106','20152210007','NÃO');
INSERT INTO `tb_turma` VALUES (2015,2,'TIN0106','20152210008','NÃO');
INSERT INTO `tb_turma` VALUES (2015,2,'TIN0106','20152210009','NÃO');
INSERT INTO `tb_turma` VALUES (2015,2,'TIN0106','20152210010','NÃO');
INSERT INTO `tb_turma` VALUES (2015,2,'TIN0106','20152210011','NÃO');
INSERT INTO `tb_turma` VALUES (2015,2,'TIN0106','20152210012','NÃO');
INSERT INTO `tb_turma` VALUES (2015,2,'TIN0106','20152210013','NÃO');
INSERT INTO `tb_turma` VALUES (2015,2,'TIN0106','20152210014','NÃO');
INSERT INTO `tb_turma` VALUES (2015,2,'TIN0106','20152210015','NÃO');
INSERT INTO `tb_turma` VALUES (2015,2,'TIN0106','20152210016','NÃO');
INSERT INTO `tb_turma` VALUES (2015,2,'TIN0106','20152210017','NÃO');
INSERT INTO `tb_turma` VALUES (2015,2,'TIN0106','20152210018','NÃO');
INSERT INTO `tb_turma` VALUES (2015,2,'TIN0106','20152210019','NÃO');
INSERT INTO `tb_turma` VALUES (2015,2,'TIN0106','20152210020','NÃO');
INSERT INTO `tb_turma` VALUES (2015,2,'TIN0106','20152210021','NÃO');
INSERT INTO `tb_turma` VALUES (2015,2,'TIN0106','20152210022','NÃO');
INSERT INTO `tb_turma` VALUES (2015,2,'TIN0106','20152210023','NÃO');
INSERT INTO `tb_turma` VALUES (2015,2,'TIN0106','20152210024','NÃO');
INSERT INTO `tb_turma` VALUES (2015,2,'TIN0106','20152210025','NÃO');
INSERT INTO `tb_turma` VALUES (2015,2,'TIN0106','20152210026','NÃO');
INSERT INTO `tb_turma` VALUES (2015,2,'TIN0106','20152210027','NÃO');
INSERT INTO `tb_turma` VALUES (2015,2,'TIN0106','20152210028','NÃO');
INSERT INTO `tb_turma` VALUES (2015,2,'TIN0106','20152210029','NÃO');
INSERT INTO `tb_turma` VALUES (2015,2,'TIN0106','20152210030','NÃO');
INSERT INTO `tb_turma` VALUES (2015,2,'TIN0106','20152210031','NÃO');
INSERT INTO `tb_turma` VALUES (2015,2,'TIN0106','20152210032','NÃO');
INSERT INTO `tb_turma` VALUES (2015,2,'TIN0106','20152210033','NÃO');
INSERT INTO `tb_turma` VALUES (2015,2,'TIN0106','20152210034','NÃO');
INSERT INTO `tb_turma` VALUES (2015,2,'TIN0106','20152210035','NÃO');
INSERT INTO `tb_turma` VALUES (2015,2,'TIN0106','20152210036','NÃO');
INSERT INTO `tb_turma` VALUES (2015,2,'TIN0107','20112210014','NÃO');
INSERT INTO `tb_turma` VALUES (2015,2,'TIN0107','20151210012','NÃO');
INSERT INTO `tb_turma` VALUES (2015,2,'TIN0107','20151210015','NÃO');
INSERT INTO `tb_turma` VALUES (2015,2,'TIN0107','20151210018','NÃO');
INSERT INTO `tb_turma` VALUES (2015,2,'TIN0107','20151210021','NÃO');
INSERT INTO `tb_turma` VALUES (2015,2,'TIN0107','20151210026','NÃO');
INSERT INTO `tb_turma` VALUES (2015,2,'TIN0107','20151210029','NÃO');
INSERT INTO `tb_turma` VALUES (2015,2,'TIN0107','20152210001','NÃO');
INSERT INTO `tb_turma` VALUES (2015,2,'TIN0107','20152210002','NÃO');
INSERT INTO `tb_turma` VALUES (2015,2,'TIN0107','20152210003','NÃO');
INSERT INTO `tb_turma` VALUES (2015,2,'TIN0107','20152210004','NÃO');
INSERT INTO `tb_turma` VALUES (2015,2,'TIN0107','20152210005','NÃO');
INSERT INTO `tb_turma` VALUES (2015,2,'TIN0107','20152210006','NÃO');
INSERT INTO `tb_turma` VALUES (2015,2,'TIN0107','20152210007','NÃO');
INSERT INTO `tb_turma` VALUES (2015,2,'TIN0107','20152210009','NÃO');
INSERT INTO `tb_turma` VALUES (2015,2,'TIN0107','20152210011','NÃO');
INSERT INTO `tb_turma` VALUES (2015,2,'TIN0107','20152210012','NÃO');
INSERT INTO `tb_turma` VALUES (2015,2,'TIN0107','20152210013','NÃO');
INSERT INTO `tb_turma` VALUES (2015,2,'TIN0107','20152210014','NÃO');
INSERT INTO `tb_turma` VALUES (2015,2,'TIN0107','20152210015','NÃO');
INSERT INTO `tb_turma` VALUES (2015,2,'TIN0107','20152210016','NÃO');
INSERT INTO `tb_turma` VALUES (2015,2,'TIN0107','20152210017','NÃO');
INSERT INTO `tb_turma` VALUES (2015,2,'TIN0107','20152210018','NÃO');
INSERT INTO `tb_turma` VALUES (2015,2,'TIN0107','20152210019','NÃO');
INSERT INTO `tb_turma` VALUES (2015,2,'TIN0107','20152210021','NÃO');
INSERT INTO `tb_turma` VALUES (2015,2,'TIN0107','20152210023','NÃO');
INSERT INTO `tb_turma` VALUES (2015,2,'TIN0107','20152210025','NÃO');
INSERT INTO `tb_turma` VALUES (2015,2,'TIN0107','20152210026','NÃO');
INSERT INTO `tb_turma` VALUES (2015,2,'TIN0107','20152210027','NÃO');
INSERT INTO `tb_turma` VALUES (2015,2,'TIN0107','20152210028','NÃO');
INSERT INTO `tb_turma` VALUES (2015,2,'TIN0107','20152210029','NÃO');
INSERT INTO `tb_turma` VALUES (2015,2,'TIN0107','20152210031','NÃO');
INSERT INTO `tb_turma` VALUES (2015,2,'TIN0107','20152210032','NÃO');
INSERT INTO `tb_turma` VALUES (2015,2,'TIN0107','20152210033','NÃO');
INSERT INTO `tb_turma` VALUES (2015,2,'TIN0107','20152210034','NÃO');
INSERT INTO `tb_turma` VALUES (2015,2,'TIN0107','20152210035','NÃO');
INSERT INTO `tb_turma` VALUES (2015,2,'TIN0107','20152210036','NÃO');
INSERT INTO `tb_turma` VALUES (2015,2,'TIN0108','20132210011','NÃO');
INSERT INTO `tb_turma` VALUES (2015,2,'TIN0108','20142210010','NÃO');
INSERT INTO `tb_turma` VALUES (2015,2,'TIN0108','20142210025','NÃO');
INSERT INTO `tb_turma` VALUES (2015,2,'TIN0108','20151210021','NÃO');
INSERT INTO `tb_turma` VALUES (2015,2,'TIN0108','20151210026','NÃO');
INSERT INTO `tb_turma` VALUES (2015,2,'TIN0108','20152210001','NÃO');
INSERT INTO `tb_turma` VALUES (2015,2,'TIN0108','20152210002','NÃO');
INSERT INTO `tb_turma` VALUES (2015,2,'TIN0108','20152210003','NÃO');
INSERT INTO `tb_turma` VALUES (2015,2,'TIN0108','20152210004','NÃO');
INSERT INTO `tb_turma` VALUES (2015,2,'TIN0108','20152210005','NÃO');
INSERT INTO `tb_turma` VALUES (2015,2,'TIN0108','20152210006','NÃO');
INSERT INTO `tb_turma` VALUES (2015,2,'TIN0108','20152210007','NÃO');
INSERT INTO `tb_turma` VALUES (2015,2,'TIN0108','20152210009','NÃO');
INSERT INTO `tb_turma` VALUES (2015,2,'TIN0108','20152210011','NÃO');
INSERT INTO `tb_turma` VALUES (2015,2,'TIN0108','20152210013','NÃO');
INSERT INTO `tb_turma` VALUES (2015,2,'TIN0108','20152210014','NÃO');
INSERT INTO `tb_turma` VALUES (2015,2,'TIN0108','20152210015','NÃO');
INSERT INTO `tb_turma` VALUES (2015,2,'TIN0108','20152210016','NÃO');
INSERT INTO `tb_turma` VALUES (2015,2,'TIN0108','20152210017','NÃO');
INSERT INTO `tb_turma` VALUES (2015,2,'TIN0108','20152210018','NÃO');
INSERT INTO `tb_turma` VALUES (2015,2,'TIN0108','20152210019','NÃO');
INSERT INTO `tb_turma` VALUES (2015,2,'TIN0108','20152210020','NÃO');
INSERT INTO `tb_turma` VALUES (2015,2,'TIN0108','20152210021','NÃO');
INSERT INTO `tb_turma` VALUES (2015,2,'TIN0108','20152210023','NÃO');
INSERT INTO `tb_turma` VALUES (2015,2,'TIN0108','20152210024','NÃO');
INSERT INTO `tb_turma` VALUES (2015,2,'TIN0108','20152210025','NÃO');
INSERT INTO `tb_turma` VALUES (2015,2,'TIN0108','20152210026','NÃO');
INSERT INTO `tb_turma` VALUES (2015,2,'TIN0108','20152210027','NÃO');
INSERT INTO `tb_turma` VALUES (2015,2,'TIN0108','20152210029','NÃO');
INSERT INTO `tb_turma` VALUES (2015,2,'TIN0108','20152210030','NÃO');
INSERT INTO `tb_turma` VALUES (2015,2,'TIN0108','20152210031','NÃO');
INSERT INTO `tb_turma` VALUES (2015,2,'TIN0108','20152210032','NÃO');
INSERT INTO `tb_turma` VALUES (2015,2,'TIN0108','20152210033','NÃO');
INSERT INTO `tb_turma` VALUES (2015,2,'TIN0108','20152210034','NÃO');
INSERT INTO `tb_turma` VALUES (2015,2,'TIN0108','20152210035','NÃO');
INSERT INTO `tb_turma` VALUES (2015,2,'TIN0108','20152210036','NÃO');
INSERT INTO `tb_turma` VALUES (2015,2,'TIN0109','20101210901','NÃO');
INSERT INTO `tb_turma` VALUES (2015,2,'TIN0109','20102210033','NÃO');
INSERT INTO `tb_turma` VALUES (2015,2,'TIN0109','20112210005','NÃO');
INSERT INTO `tb_turma` VALUES (2015,2,'TIN0109','20112210015','NÃO');
INSERT INTO `tb_turma` VALUES (2015,2,'TIN0109','20112210016','NÃO');
INSERT INTO `tb_turma` VALUES (2015,2,'TIN0109','20112210028','NÃO');
INSERT INTO `tb_turma` VALUES (2015,2,'TIN0109','20121210012','NÃO');
INSERT INTO `tb_turma` VALUES (2015,2,'TIN0109','20121210022','NÃO');
INSERT INTO `tb_turma` VALUES (2015,2,'TIN0109','20122210015','NÃO');
INSERT INTO `tb_turma` VALUES (2015,2,'TIN0109','20122210027','NÃO');
INSERT INTO `tb_turma` VALUES (2015,2,'TIN0109','20131210008','NÃO');
INSERT INTO `tb_turma` VALUES (2015,2,'TIN0109','20131210019','NÃO');
INSERT INTO `tb_turma` VALUES (2015,2,'TIN0109','20131210026','NÃO');
INSERT INTO `tb_turma` VALUES (2015,2,'TIN0109','20132210008','NÃO');
INSERT INTO `tb_turma` VALUES (2015,2,'TIN0109','20132210016','NÃO');
INSERT INTO `tb_turma` VALUES (2015,2,'TIN0109','20132210019','NÃO');
INSERT INTO `tb_turma` VALUES (2015,2,'TIN0109','20132210022','NÃO');
INSERT INTO `tb_turma` VALUES (2015,2,'TIN0109','20132210025','NÃO');
INSERT INTO `tb_turma` VALUES (2015,2,'TIN0109','20132210033','NÃO');
INSERT INTO `tb_turma` VALUES (2015,2,'TIN0109','20132210850','NÃO');
INSERT INTO `tb_turma` VALUES (2015,2,'TIN0109','20141210008','NÃO');
INSERT INTO `tb_turma` VALUES (2015,2,'TIN0109','20141210020','NÃO');
INSERT INTO `tb_turma` VALUES (2015,2,'TIN0109','20141210021','NÃO');
INSERT INTO `tb_turma` VALUES (2015,2,'TIN0109','20142210002','NÃO');
INSERT INTO `tb_turma` VALUES (2015,2,'TIN0109','20142210003','NÃO');
INSERT INTO `tb_turma` VALUES (2015,2,'TIN0109','20142210004','NÃO');
INSERT INTO `tb_turma` VALUES (2015,2,'TIN0109','20142210006','NÃO');
INSERT INTO `tb_turma` VALUES (2015,2,'TIN0109','20142210012','NÃO');
INSERT INTO `tb_turma` VALUES (2015,2,'TIN0109','20142210017','NÃO');
INSERT INTO `tb_turma` VALUES (2015,2,'TIN0109','20142210023','NÃO');
INSERT INTO `tb_turma` VALUES (2015,2,'TIN0109','20142210024','NÃO');
INSERT INTO `tb_turma` VALUES (2015,2,'TIN0109','20142210026','NÃO');
INSERT INTO `tb_turma` VALUES (2015,2,'TIN0109','20142210032','NÃO');
INSERT INTO `tb_turma` VALUES (2015,2,'TIN0109','20151210003','NÃO');
INSERT INTO `tb_turma` VALUES (2015,2,'TIN0110','20101210003','NÃO');
INSERT INTO `tb_turma` VALUES (2015,2,'TIN0110','20112210008','NÃO');
INSERT INTO `tb_turma` VALUES (2015,2,'TIN0110','20122210008','NÃO');
INSERT INTO `tb_turma` VALUES (2015,2,'TIN0110','20131210008','NÃO');
INSERT INTO `tb_turma` VALUES (2015,2,'TIN0110','20131210035','NÃO');
INSERT INTO `tb_turma` VALUES (2015,2,'TIN0110','20132210012','NÃO');
INSERT INTO `tb_turma` VALUES (2015,2,'TIN0110','20132210022','NÃO');
INSERT INTO `tb_turma` VALUES (2015,2,'TIN0110','20132210032','NÃO');
INSERT INTO `tb_turma` VALUES (2015,2,'TIN0110','20141210005','NÃO');
INSERT INTO `tb_turma` VALUES (2015,2,'TIN0110','20141210008','NÃO');
INSERT INTO `tb_turma` VALUES (2015,2,'TIN0110','20141210009','NÃO');
INSERT INTO `tb_turma` VALUES (2015,2,'TIN0110','20141210012','NÃO');
INSERT INTO `tb_turma` VALUES (2015,2,'TIN0110','20141210015','NÃO');
INSERT INTO `tb_turma` VALUES (2015,2,'TIN0110','20141210019','NÃO');
INSERT INTO `tb_turma` VALUES (2015,2,'TIN0110','20141210023','NÃO');
INSERT INTO `tb_turma` VALUES (2015,2,'TIN0110','20141210029','NÃO');
INSERT INTO `tb_turma` VALUES (2015,2,'TIN0110','20141210030','NÃO');
INSERT INTO `tb_turma` VALUES (2015,2,'TIN0110','20141210031','NÃO');
INSERT INTO `tb_turma` VALUES (2015,2,'TIN0110','20142210012','NÃO');
INSERT INTO `tb_turma` VALUES (2015,2,'TIN0110','20142210032','NÃO');
INSERT INTO `tb_turma` VALUES (2015,2,'TIN0112','20092210138','NÃO');
INSERT INTO `tb_turma` VALUES (2015,2,'TIN0112','20112210032','NÃO');
INSERT INTO `tb_turma` VALUES (2015,2,'TIN0112','20142210010','NÃO');
INSERT INTO `tb_turma` VALUES (2015,2,'TIN0112','20151210002','NÃO');
INSERT INTO `tb_turma` VALUES (2015,2,'TIN0112','20151210015','NÃO');
INSERT INTO `tb_turma` VALUES (2015,2,'TIN0112','20151210021','NÃO');
INSERT INTO `tb_turma` VALUES (2015,2,'TIN0112','20151210027','NÃO');
INSERT INTO `tb_turma` VALUES (2015,2,'TIN0112','20151210028','NÃO');
INSERT INTO `tb_turma` VALUES (2015,2,'TIN0112','20151210029','NÃO');
INSERT INTO `tb_turma` VALUES (2015,2,'TIN0112','20152210001','NÃO');
INSERT INTO `tb_turma` VALUES (2015,2,'TIN0112','20152210002','NÃO');
INSERT INTO `tb_turma` VALUES (2015,2,'TIN0112','20152210003','NÃO');
INSERT INTO `tb_turma` VALUES (2015,2,'TIN0112','20152210004','NÃO');
INSERT INTO `tb_turma` VALUES (2015,2,'TIN0112','20152210005','NÃO');
INSERT INTO `tb_turma` VALUES (2015,2,'TIN0112','20152210006','NÃO');
INSERT INTO `tb_turma` VALUES (2015,2,'TIN0112','20152210007','NÃO');
INSERT INTO `tb_turma` VALUES (2015,2,'TIN0112','20152210008','NÃO');
INSERT INTO `tb_turma` VALUES (2015,2,'TIN0112','20152210009','NÃO');
INSERT INTO `tb_turma` VALUES (2015,2,'TIN0112','20152210010','NÃO');
INSERT INTO `tb_turma` VALUES (2015,2,'TIN0112','20152210011','NÃO');
INSERT INTO `tb_turma` VALUES (2015,2,'TIN0112','20152210012','NÃO');
INSERT INTO `tb_turma` VALUES (2015,2,'TIN0112','20152210013','NÃO');
INSERT INTO `tb_turma` VALUES (2015,2,'TIN0112','20152210014','NÃO');
INSERT INTO `tb_turma` VALUES (2015,2,'TIN0112','20152210015','NÃO');
INSERT INTO `tb_turma` VALUES (2015,2,'TIN0112','20152210016','NÃO');
INSERT INTO `tb_turma` VALUES (2015,2,'TIN0112','20152210017','NÃO');
INSERT INTO `tb_turma` VALUES (2015,2,'TIN0112','20152210018','NÃO');
INSERT INTO `tb_turma` VALUES (2015,2,'TIN0112','20152210019','NÃO');
INSERT INTO `tb_turma` VALUES (2015,2,'TIN0112','20152210020','NÃO');
INSERT INTO `tb_turma` VALUES (2015,2,'TIN0112','20152210021','NÃO');
INSERT INTO `tb_turma` VALUES (2015,2,'TIN0112','20152210022','NÃO');
INSERT INTO `tb_turma` VALUES (2015,2,'TIN0112','20152210023','NÃO');
INSERT INTO `tb_turma` VALUES (2015,2,'TIN0112','20152210024','NÃO');
INSERT INTO `tb_turma` VALUES (2015,2,'TIN0112','20152210025','NÃO');
INSERT INTO `tb_turma` VALUES (2015,2,'TIN0112','20152210026','NÃO');
INSERT INTO `tb_turma` VALUES (2015,2,'TIN0112','20152210027','NÃO');
INSERT INTO `tb_turma` VALUES (2015,2,'TIN0112','20152210028','NÃO');
INSERT INTO `tb_turma` VALUES (2015,2,'TIN0112','20152210029','NÃO');
INSERT INTO `tb_turma` VALUES (2015,2,'TIN0112','20152210030','NÃO');
INSERT INTO `tb_turma` VALUES (2015,2,'TIN0112','20152210031','NÃO');
INSERT INTO `tb_turma` VALUES (2015,2,'TIN0112','20152210032','NÃO');
INSERT INTO `tb_turma` VALUES (2015,2,'TIN0112','20152210033','NÃO');
INSERT INTO `tb_turma` VALUES (2015,2,'TIN0112','20152210034','NÃO');
INSERT INTO `tb_turma` VALUES (2015,2,'TIN0112','20152210035','NÃO');
INSERT INTO `tb_turma` VALUES (2015,2,'TIN0112','20152210036','NÃO');
INSERT INTO `tb_turma` VALUES (2015,2,'TIN0114','20111210035','NÃO');
INSERT INTO `tb_turma` VALUES (2015,2,'TIN0114','20112210028','NÃO');
INSERT INTO `tb_turma` VALUES (2015,2,'TIN0114','20131210019','NÃO');
INSERT INTO `tb_turma` VALUES (2015,2,'TIN0114','20131210023','NÃO');
INSERT INTO `tb_turma` VALUES (2015,2,'TIN0114','20131210026','NÃO');
INSERT INTO `tb_turma` VALUES (2015,2,'TIN0114','20131210030','NÃO');
INSERT INTO `tb_turma` VALUES (2015,2,'TIN0114','20132210008','NÃO');
INSERT INTO `tb_turma` VALUES (2015,2,'TIN0114','20132210026','NÃO');
INSERT INTO `tb_turma` VALUES (2015,2,'TIN0114','20141210011','NÃO');
INSERT INTO `tb_turma` VALUES (2015,2,'TIN0114','20141210020','NÃO');
INSERT INTO `tb_turma` VALUES (2015,2,'TIN0114','20141210021','NÃO');
INSERT INTO `tb_turma` VALUES (2015,2,'TIN0114','20141210022','NÃO');
INSERT INTO `tb_turma` VALUES (2015,2,'TIN0114','20141210028','NÃO');
INSERT INTO `tb_turma` VALUES (2015,2,'TIN0114','20141210029','NÃO');
INSERT INTO `tb_turma` VALUES (2015,2,'TIN0114','20142210002','NÃO');
INSERT INTO `tb_turma` VALUES (2015,2,'TIN0114','20142210003','NÃO');
INSERT INTO `tb_turma` VALUES (2015,2,'TIN0114','20142210004','NÃO');
INSERT INTO `tb_turma` VALUES (2015,2,'TIN0114','20142210012','NÃO');
INSERT INTO `tb_turma` VALUES (2015,2,'TIN0114','20142210017','NÃO');
INSERT INTO `tb_turma` VALUES (2015,2,'TIN0114','20142210023','NÃO');
INSERT INTO `tb_turma` VALUES (2015,2,'TIN0114','20142210024','NÃO');
INSERT INTO `tb_turma` VALUES (2015,2,'TIN0114','20142210026','NÃO');
INSERT INTO `tb_turma` VALUES (2015,2,'TIN0114','20142210029','NÃO');
INSERT INTO `tb_turma` VALUES (2015,2,'TIN0114','20142210030','NÃO');
INSERT INTO `tb_turma` VALUES (2015,2,'TIN0114','20151210003','NÃO');
INSERT INTO `tb_turma` VALUES (2015,2,'TIN0114','20151210004','NÃO');
INSERT INTO `tb_turma` VALUES (2015,2,'TIN0115','20131210008','NÃO');
INSERT INTO `tb_turma` VALUES (2015,2,'TIN0115','20131210029','NÃO');
INSERT INTO `tb_turma` VALUES (2015,2,'TIN0115','20132210013','NÃO');
INSERT INTO `tb_turma` VALUES (2015,2,'TIN0115','20132210019','NÃO');
INSERT INTO `tb_turma` VALUES (2015,2,'TIN0115','20132210026','NÃO');
INSERT INTO `tb_turma` VALUES (2015,2,'TIN0115','20141210005','NÃO');
INSERT INTO `tb_turma` VALUES (2015,2,'TIN0115','20141210008','NÃO');
INSERT INTO `tb_turma` VALUES (2015,2,'TIN0115','20141210009','NÃO');
INSERT INTO `tb_turma` VALUES (2015,2,'TIN0115','20141210010','NÃO');
INSERT INTO `tb_turma` VALUES (2015,2,'TIN0115','20141210012','NÃO');
INSERT INTO `tb_turma` VALUES (2015,2,'TIN0115','20141210015','NÃO');
INSERT INTO `tb_turma` VALUES (2015,2,'TIN0115','20141210019','NÃO');
INSERT INTO `tb_turma` VALUES (2015,2,'TIN0115','20141210020','NÃO');
INSERT INTO `tb_turma` VALUES (2015,2,'TIN0115','20141210021','NÃO');
INSERT INTO `tb_turma` VALUES (2015,2,'TIN0115','20141210022','NÃO');
INSERT INTO `tb_turma` VALUES (2015,2,'TIN0115','20141210028','NÃO');
INSERT INTO `tb_turma` VALUES (2015,2,'TIN0115','20141210029','NÃO');
INSERT INTO `tb_turma` VALUES (2015,2,'TIN0115','20141210030','NÃO');
INSERT INTO `tb_turma` VALUES (2015,2,'TIN0115','20141210031','NÃO');
INSERT INTO `tb_turma` VALUES (2015,2,'TIN0115','20142210004','NÃO');
INSERT INTO `tb_turma` VALUES (2015,2,'TIN0115','20142210012','NÃO');
INSERT INTO `tb_turma` VALUES (2015,2,'TIN0115','20142210017','NÃO');
INSERT INTO `tb_turma` VALUES (2015,2,'TIN0115','20142210023','NÃO');
INSERT INTO `tb_turma` VALUES (2015,2,'TIN0115','20142210032','NÃO');
INSERT INTO `tb_turma` VALUES (2015,2,'TIN0115','20151210003','NÃO');
INSERT INTO `tb_turma` VALUES (2015,2,'TIN0115','20151210004','NÃO');
INSERT INTO `tb_turma` VALUES (2015,2,'TIN0115','20151210006','NÃO');
INSERT INTO `tb_turma` VALUES (2015,2,'TIN0115','20151210007','NÃO');
INSERT INTO `tb_turma` VALUES (2015,2,'TIN0116','20112210023','NÃO');
INSERT INTO `tb_turma` VALUES (2015,2,'TIN0116','20112210028','NÃO');
INSERT INTO `tb_turma` VALUES (2015,2,'TIN0116','20121210018','NÃO');
INSERT INTO `tb_turma` VALUES (2015,2,'TIN0116','20122210004','NÃO');
INSERT INTO `tb_turma` VALUES (2015,2,'TIN0116','20122210027','NÃO');
INSERT INTO `tb_turma` VALUES (2015,2,'TIN0116','20131210019','NÃO');
INSERT INTO `tb_turma` VALUES (2015,2,'TIN0116','20131210027','NÃO');
INSERT INTO `tb_turma` VALUES (2015,2,'TIN0116','20132210019','NÃO');
INSERT INTO `tb_turma` VALUES (2015,2,'TIN0116','20132210031','NÃO');
INSERT INTO `tb_turma` VALUES (2015,2,'TIN0116','20132210033','NÃO');
INSERT INTO `tb_turma` VALUES (2015,2,'TIN0116','20141210004','NÃO');
INSERT INTO `tb_turma` VALUES (2015,2,'TIN0116','20141210021','NÃO');
INSERT INTO `tb_turma` VALUES (2015,2,'TIN0116','20141210028','NÃO');
INSERT INTO `tb_turma` VALUES (2015,2,'TIN0116','20142210002','NÃO');
INSERT INTO `tb_turma` VALUES (2015,2,'TIN0116','20142210006','NÃO');
INSERT INTO `tb_turma` VALUES (2015,2,'TIN0116','20142210014','NÃO');
INSERT INTO `tb_turma` VALUES (2015,2,'TIN0116','20142210023','NÃO');
INSERT INTO `tb_turma` VALUES (2015,2,'TIN0116','20142210024','NÃO');
INSERT INTO `tb_turma` VALUES (2015,2,'TIN0116','20142210026','NÃO');
INSERT INTO `tb_turma` VALUES (2015,2,'TIN0116','20142210029','NÃO');
INSERT INTO `tb_turma` VALUES (2015,2,'TIN0116','20142210030','NÃO');
INSERT INTO `tb_turma` VALUES (2015,2,'TIN0116','20151210023','NÃO');
INSERT INTO `tb_turma` VALUES (2015,2,'TIN0116','20151210029','NÃO');
INSERT INTO `tb_turma` VALUES (2015,2,'TIN0117','20102210011','NÃO');
INSERT INTO `tb_turma` VALUES (2015,2,'TIN0117','20111210023','NÃO');
INSERT INTO `tb_turma` VALUES (2015,2,'TIN0117','20111210024','NÃO');
INSERT INTO `tb_turma` VALUES (2015,2,'TIN0117','20111210026','NÃO');
INSERT INTO `tb_turma` VALUES (2015,2,'TIN0117','20112210015','NÃO');
INSERT INTO `tb_turma` VALUES (2015,2,'TIN0117','20112210016','NÃO');
INSERT INTO `tb_turma` VALUES (2015,2,'TIN0117','20122210004','NÃO');
INSERT INTO `tb_turma` VALUES (2015,2,'TIN0117','20122210008','NÃO');
INSERT INTO `tb_turma` VALUES (2015,2,'TIN0117','20122210009','NÃO');
INSERT INTO `tb_turma` VALUES (2015,2,'TIN0117','20122210021','NÃO');
INSERT INTO `tb_turma` VALUES (2015,2,'TIN0117','20122210024','NÃO');
INSERT INTO `tb_turma` VALUES (2015,2,'TIN0117','20132210008','NÃO');
INSERT INTO `tb_turma` VALUES (2015,2,'TIN0117','20132210017','NÃO');
INSERT INTO `tb_turma` VALUES (2015,2,'TIN0117','20132210024','NÃO');
INSERT INTO `tb_turma` VALUES (2015,2,'TIN0117','20132210031','NÃO');
INSERT INTO `tb_turma` VALUES (2015,2,'TIN0117','20142210002','NÃO');
INSERT INTO `tb_turma` VALUES (2015,2,'TIN0117','20151210007','NÃO');
INSERT INTO `tb_turma` VALUES (2015,2,'TIN0118','20111210023','NÃO');
INSERT INTO `tb_turma` VALUES (2015,2,'TIN0118','20121210019','NÃO');
INSERT INTO `tb_turma` VALUES (2015,2,'TIN0118','20122210022','NÃO');
INSERT INTO `tb_turma` VALUES (2015,2,'TIN0118','20132210017','NÃO');
INSERT INTO `tb_turma` VALUES (2015,2,'TIN0118','20132210029','NÃO');
INSERT INTO `tb_turma` VALUES (2015,2,'TIN0118','20132210032','NÃO');
INSERT INTO `tb_turma` VALUES (2015,2,'TIN0118','20132210036','NÃO');
INSERT INTO `tb_turma` VALUES (2015,2,'TIN0118','20142210032','NÃO');
INSERT INTO `tb_turma` VALUES (2015,2,'TIN0119','20091210515','NÃO');
INSERT INTO `tb_turma` VALUES (2015,2,'TIN0119','20092210138','NÃO');
INSERT INTO `tb_turma` VALUES (2015,2,'TIN0119','20101210015','NÃO');
INSERT INTO `tb_turma` VALUES (2015,2,'TIN0119','20101210027','NÃO');
INSERT INTO `tb_turma` VALUES (2015,2,'TIN0119','20102210025','NÃO');
INSERT INTO `tb_turma` VALUES (2015,2,'TIN0119','20102210033','NÃO');
INSERT INTO `tb_turma` VALUES (2015,2,'TIN0119','20111210012','NÃO');
INSERT INTO `tb_turma` VALUES (2015,2,'TIN0119','20112210001','NÃO');
INSERT INTO `tb_turma` VALUES (2015,2,'TIN0119','20112210035','NÃO');
INSERT INTO `tb_turma` VALUES (2015,2,'TIN0119','20121210005','NÃO');
INSERT INTO `tb_turma` VALUES (2015,2,'TIN0119','20122210001','NÃO');
INSERT INTO `tb_turma` VALUES (2015,2,'TIN0119','20131210005','NÃO');
INSERT INTO `tb_turma` VALUES (2015,2,'TIN0119','20131210013','NÃO');
INSERT INTO `tb_turma` VALUES (2015,2,'TIN0119','20131210023','NÃO');
INSERT INTO `tb_turma` VALUES (2015,2,'TIN0119','20131210035','NÃO');
INSERT INTO `tb_turma` VALUES (2015,2,'TIN0119','20132210013','NÃO');
INSERT INTO `tb_turma` VALUES (2015,2,'TIN0119','20132210028','NÃO');
INSERT INTO `tb_turma` VALUES (2015,2,'TIN0119','20132210030','NÃO');
INSERT INTO `tb_turma` VALUES (2015,2,'TIN0119','20141210001','NÃO');
INSERT INTO `tb_turma` VALUES (2015,2,'TIN0119','20141210005','NÃO');
INSERT INTO `tb_turma` VALUES (2015,2,'TIN0119','20141210009','NÃO');
INSERT INTO `tb_turma` VALUES (2015,2,'TIN0119','20141210011','NÃO');
INSERT INTO `tb_turma` VALUES (2015,2,'TIN0119','20141210012','NÃO');
INSERT INTO `tb_turma` VALUES (2015,2,'TIN0119','20141210017','NÃO');
INSERT INTO `tb_turma` VALUES (2015,2,'TIN0119','20141210018','NÃO');
INSERT INTO `tb_turma` VALUES (2015,2,'TIN0119','20141210019','NÃO');
INSERT INTO `tb_turma` VALUES (2015,2,'TIN0119','20141210029','NÃO');
INSERT INTO `tb_turma` VALUES (2015,2,'TIN0119','20141210030','NÃO');
INSERT INTO `tb_turma` VALUES (2015,2,'TIN0119','20141210031','NÃO');
INSERT INTO `tb_turma` VALUES (2015,2,'TIN0120','20112210023','NÃO');
INSERT INTO `tb_turma` VALUES (2015,2,'TIN0120','20112210028','NÃO');
INSERT INTO `tb_turma` VALUES (2015,2,'TIN0120','20122210025','NÃO');
INSERT INTO `tb_turma` VALUES (2015,2,'TIN0120','20131210019','NÃO');
INSERT INTO `tb_turma` VALUES (2015,2,'TIN0120','20131210026','NÃO');
INSERT INTO `tb_turma` VALUES (2015,2,'TIN0120','20131210030','NÃO');
INSERT INTO `tb_turma` VALUES (2015,2,'TIN0120','20132210027','NÃO');
INSERT INTO `tb_turma` VALUES (2015,2,'TIN0120','20141210020','NÃO');
INSERT INTO `tb_turma` VALUES (2015,2,'TIN0120','20141210021','NÃO');
INSERT INTO `tb_turma` VALUES (2015,2,'TIN0120','20141210022','NÃO');
INSERT INTO `tb_turma` VALUES (2015,2,'TIN0120','20141210028','NÃO');
INSERT INTO `tb_turma` VALUES (2015,2,'TIN0120','20142210002','NÃO');
INSERT INTO `tb_turma` VALUES (2015,2,'TIN0120','20142210003','NÃO');
INSERT INTO `tb_turma` VALUES (2015,2,'TIN0120','20142210004','NÃO');
INSERT INTO `tb_turma` VALUES (2015,2,'TIN0120','20142210008','NÃO');
INSERT INTO `tb_turma` VALUES (2015,2,'TIN0120','20142210012','NÃO');
INSERT INTO `tb_turma` VALUES (2015,2,'TIN0120','20142210017','NÃO');
INSERT INTO `tb_turma` VALUES (2015,2,'TIN0120','20142210023','NÃO');
INSERT INTO `tb_turma` VALUES (2015,2,'TIN0120','20142210024','NÃO');
INSERT INTO `tb_turma` VALUES (2015,2,'TIN0120','20142210026','NÃO');
INSERT INTO `tb_turma` VALUES (2015,2,'TIN0120','20142210029','NÃO');
INSERT INTO `tb_turma` VALUES (2015,2,'TIN0120','20142210030','NÃO');
INSERT INTO `tb_turma` VALUES (2015,2,'TIN0121','20082210093','NÃO');
INSERT INTO `tb_turma` VALUES (2015,2,'TIN0121','20102210001','NÃO');
INSERT INTO `tb_turma` VALUES (2015,2,'TIN0121','20102210025','NÃO');
INSERT INTO `tb_turma` VALUES (2015,2,'TIN0121','20102210031','NÃO');
INSERT INTO `tb_turma` VALUES (2015,2,'TIN0121','20111210006','NÃO');
INSERT INTO `tb_turma` VALUES (2015,2,'TIN0121','20111210012','NÃO');
INSERT INTO `tb_turma` VALUES (2015,2,'TIN0121','20111210020','NÃO');
INSERT INTO `tb_turma` VALUES (2015,2,'TIN0121','20111210023','NÃO');
INSERT INTO `tb_turma` VALUES (2015,2,'TIN0121','20111210024','NÃO');
INSERT INTO `tb_turma` VALUES (2015,2,'TIN0121','20111210026','NÃO');
INSERT INTO `tb_turma` VALUES (2015,2,'TIN0121','20111210035','NÃO');
INSERT INTO `tb_turma` VALUES (2015,2,'TIN0121','20112210008','NÃO');
INSERT INTO `tb_turma` VALUES (2015,2,'TIN0121','20112210009','NÃO');
INSERT INTO `tb_turma` VALUES (2015,2,'TIN0121','20112210013','NÃO');
INSERT INTO `tb_turma` VALUES (2015,2,'TIN0121','20121210004','NÃO');
INSERT INTO `tb_turma` VALUES (2015,2,'TIN0121','20121210014','NÃO');
INSERT INTO `tb_turma` VALUES (2015,2,'TIN0121','20122210001','NÃO');
INSERT INTO `tb_turma` VALUES (2015,2,'TIN0121','20122210003','NÃO');
INSERT INTO `tb_turma` VALUES (2015,2,'TIN0121','20122210015','NÃO');
INSERT INTO `tb_turma` VALUES (2015,2,'TIN0121','20122210017','NÃO');
INSERT INTO `tb_turma` VALUES (2015,2,'TIN0121','20122210019','NÃO');
INSERT INTO `tb_turma` VALUES (2015,2,'TIN0121','20122210026','NÃO');
INSERT INTO `tb_turma` VALUES (2015,2,'TIN0121','20122210028','NÃO');
INSERT INTO `tb_turma` VALUES (2015,2,'TIN0121','20122210029','NÃO');
INSERT INTO `tb_turma` VALUES (2015,2,'TIN0121','20122210030','NÃO');
INSERT INTO `tb_turma` VALUES (2015,2,'TIN0121','20131210006','NÃO');
INSERT INTO `tb_turma` VALUES (2015,2,'TIN0121','20131210033','NÃO');
INSERT INTO `tb_turma` VALUES (2015,2,'TIN0121','20131210035','NÃO');
INSERT INTO `tb_turma` VALUES (2015,2,'TIN0121','20131210037','NÃO');
INSERT INTO `tb_turma` VALUES (2015,2,'TIN0122','20111210024','NÃO');
INSERT INTO `tb_turma` VALUES (2015,2,'TIN0122','20112210009','NÃO');
INSERT INTO `tb_turma` VALUES (2015,2,'TIN0122','20112210013','NÃO');
INSERT INTO `tb_turma` VALUES (2015,2,'TIN0122','20121210004','NÃO');
INSERT INTO `tb_turma` VALUES (2015,2,'TIN0122','20121210014','NÃO');
INSERT INTO `tb_turma` VALUES (2015,2,'TIN0122','20121210016','NÃO');
INSERT INTO `tb_turma` VALUES (2015,2,'TIN0122','20121210027','NÃO');
INSERT INTO `tb_turma` VALUES (2015,2,'TIN0122','20122210011','NÃO');
INSERT INTO `tb_turma` VALUES (2015,2,'TIN0122','20122210020','NÃO');
INSERT INTO `tb_turma` VALUES (2015,2,'TIN0122','20122210021','NÃO');
INSERT INTO `tb_turma` VALUES (2015,2,'TIN0122','20131210006','NÃO');
INSERT INTO `tb_turma` VALUES (2015,2,'TIN0122','20131210007','NÃO');
INSERT INTO `tb_turma` VALUES (2015,2,'TIN0122','20131210010','NÃO');
INSERT INTO `tb_turma` VALUES (2015,2,'TIN0122','20131210025','NÃO');
INSERT INTO `tb_turma` VALUES (2015,2,'TIN0122','20131210033','NÃO');
INSERT INTO `tb_turma` VALUES (2015,2,'TIN0122','20131210037','NÃO');
INSERT INTO `tb_turma` VALUES (2015,2,'TIN0122','20151210010','NÃO');
INSERT INTO `tb_turma` VALUES (2015,2,'TIN0123','20102210011','NÃO');
INSERT INTO `tb_turma` VALUES (2015,2,'TIN0123','20111210026','NÃO');
INSERT INTO `tb_turma` VALUES (2015,2,'TIN0123','20121210005','NÃO');
INSERT INTO `tb_turma` VALUES (2015,2,'TIN0123','20122210001','NÃO');
INSERT INTO `tb_turma` VALUES (2015,2,'TIN0123','20122210008','NÃO');
INSERT INTO `tb_turma` VALUES (2015,2,'TIN0123','20122210017','NÃO');
INSERT INTO `tb_turma` VALUES (2015,2,'TIN0123','20122210025','NÃO');
INSERT INTO `tb_turma` VALUES (2015,2,'TIN0123','20122210029','NÃO');
INSERT INTO `tb_turma` VALUES (2015,2,'TIN0123','20122210030','NÃO');
INSERT INTO `tb_turma` VALUES (2015,2,'TIN0123','20131210013','NÃO');
INSERT INTO `tb_turma` VALUES (2015,2,'TIN0123','20131210023','NÃO');
INSERT INTO `tb_turma` VALUES (2015,2,'TIN0123','20131210029','NÃO');
INSERT INTO `tb_turma` VALUES (2015,2,'TIN0123','20131210030','NÃO');
INSERT INTO `tb_turma` VALUES (2015,2,'TIN0123','20131210035','NÃO');
INSERT INTO `tb_turma` VALUES (2015,2,'TIN0123','20132210028','NÃO');
INSERT INTO `tb_turma` VALUES (2015,2,'TIN0123','20132210029','NÃO');
INSERT INTO `tb_turma` VALUES (2015,2,'TIN0123','20132210030','NÃO');
INSERT INTO `tb_turma` VALUES (2015,2,'TIN0123','20141210001','NÃO');
INSERT INTO `tb_turma` VALUES (2015,2,'TIN0123','20141210005','NÃO');
INSERT INTO `tb_turma` VALUES (2015,2,'TIN0123','20141210009','NÃO');
INSERT INTO `tb_turma` VALUES (2015,2,'TIN0123','20141210011','NÃO');
INSERT INTO `tb_turma` VALUES (2015,2,'TIN0123','20141210012','NÃO');
INSERT INTO `tb_turma` VALUES (2015,2,'TIN0123','20141210015','NÃO');
INSERT INTO `tb_turma` VALUES (2015,2,'TIN0123','20141210017','NÃO');
INSERT INTO `tb_turma` VALUES (2015,2,'TIN0123','20141210019','NÃO');
INSERT INTO `tb_turma` VALUES (2015,2,'TIN0123','20141210022','NÃO');
INSERT INTO `tb_turma` VALUES (2015,2,'TIN0123','20141210029','NÃO');
INSERT INTO `tb_turma` VALUES (2015,2,'TIN0123','20141210030','NÃO');
INSERT INTO `tb_turma` VALUES (2015,2,'TIN0123','20141210031','NÃO');
INSERT INTO `tb_turma` VALUES (2015,2,'TIN0123','20151210006','NÃO');
INSERT INTO `tb_turma` VALUES (2015,2,'TIN0123','20151210007','NÃO');
INSERT INTO `tb_turma` VALUES (2015,2,'TIN0123','20151210010','NÃO');
INSERT INTO `tb_turma` VALUES (2015,2,'TIN0125','20111210006','NÃO');
INSERT INTO `tb_turma` VALUES (2015,2,'TIN0125','20121210004','NÃO');
INSERT INTO `tb_turma` VALUES (2015,2,'TIN0125','20121210014','NÃO');
INSERT INTO `tb_turma` VALUES (2015,2,'TIN0125','20121210027','NÃO');
INSERT INTO `tb_turma` VALUES (2015,2,'TIN0125','20121210034','NÃO');
INSERT INTO `tb_turma` VALUES (2015,2,'TIN0125','20122210003','NÃO');
INSERT INTO `tb_turma` VALUES (2015,2,'TIN0125','20122210021','NÃO');
INSERT INTO `tb_turma` VALUES (2015,2,'TIN0125','20122210028','NÃO');
INSERT INTO `tb_turma` VALUES (2015,2,'TIN0125','20131210006','NÃO');
INSERT INTO `tb_turma` VALUES (2015,2,'TIN0125','20131210007','NÃO');
INSERT INTO `tb_turma` VALUES (2015,2,'TIN0125','20131210010','NÃO');
INSERT INTO `tb_turma` VALUES (2015,2,'TIN0125','20131210037','NÃO');
INSERT INTO `tb_turma` VALUES (2015,2,'TIN0126','20091210020','NÃO');
INSERT INTO `tb_turma` VALUES (2015,2,'TIN0126','20091210515','NÃO');
INSERT INTO `tb_turma` VALUES (2015,2,'TIN0126','20111210006','NÃO');
INSERT INTO `tb_turma` VALUES (2015,2,'TIN0126','20111210020','NÃO');
INSERT INTO `tb_turma` VALUES (2015,2,'TIN0126','20111210023','NÃO');
INSERT INTO `tb_turma` VALUES (2015,2,'TIN0126','20111210025','NÃO');
INSERT INTO `tb_turma` VALUES (2015,2,'TIN0126','20112210001','NÃO');
INSERT INTO `tb_turma` VALUES (2015,2,'TIN0126','20121210019','NÃO');
INSERT INTO `tb_turma` VALUES (2015,2,'TIN0126','20121210022','NÃO');
INSERT INTO `tb_turma` VALUES (2015,2,'TIN0126','20121210035','NÃO');
INSERT INTO `tb_turma` VALUES (2015,2,'TIN0126','20122210010','NÃO');
INSERT INTO `tb_turma` VALUES (2015,2,'TIN0126','20122210019','NÃO');
INSERT INTO `tb_turma` VALUES (2015,2,'TIN0126','20122210026','NÃO');
INSERT INTO `tb_turma` VALUES (2015,2,'TIN0126','20122210028','NÃO');
INSERT INTO `tb_turma` VALUES (2015,2,'TIN0126','20132210007','NÃO');
INSERT INTO `tb_turma` VALUES (2015,2,'TIN0126','20132210009','NÃO');
INSERT INTO `tb_turma` VALUES (2015,2,'TIN0126','20132210017','NÃO');
INSERT INTO `tb_turma` VALUES (2015,2,'TIN0126','20132210021','NÃO');
INSERT INTO `tb_turma` VALUES (2015,2,'TIN0126','20132210025','NÃO');
INSERT INTO `tb_turma` VALUES (2015,2,'TIN0126','20132210032','NÃO');
INSERT INTO `tb_turma` VALUES (2015,2,'TIN0126','20132210034','NÃO');
INSERT INTO `tb_turma` VALUES (2015,2,'TIN0126','20132210036','NÃO');
INSERT INTO `tb_turma` VALUES (2015,2,'TIN0130','20112210014','NÃO');
INSERT INTO `tb_turma` VALUES (2015,2,'TIN0130','20121210019','NÃO');
INSERT INTO `tb_turma` VALUES (2015,2,'TIN0130','20121210035','NÃO');
INSERT INTO `tb_turma` VALUES (2015,2,'TIN0130','20131210013','NÃO');
INSERT INTO `tb_turma` VALUES (2015,2,'TIN0130','20131210027','NÃO');
INSERT INTO `tb_turma` VALUES (2015,2,'TIN0130','20132210009','NÃO');
INSERT INTO `tb_turma` VALUES (2015,2,'TIN0130','20132210021','NÃO');
INSERT INTO `tb_turma` VALUES (2015,2,'TIN0130','20132210025','NÃO');
INSERT INTO `tb_turma` VALUES (2015,2,'TIN0130','20132210027','NÃO');
INSERT INTO `tb_turma` VALUES (2015,2,'TIN0130','20132210028','NÃO');
INSERT INTO `tb_turma` VALUES (2015,2,'TIN0130','20132210030','NÃO');
INSERT INTO `tb_turma` VALUES (2015,2,'TIN0130','20132210032','NÃO');
INSERT INTO `tb_turma` VALUES (2015,2,'TIN0130','20132210033','NÃO');
INSERT INTO `tb_turma` VALUES (2015,2,'TIN0130','20141210004','NÃO');
INSERT INTO `tb_turma` VALUES (2015,2,'TIN0130','20141210008','NÃO');
INSERT INTO `tb_turma` VALUES (2015,2,'TIN0130','20141210010','NÃO');
INSERT INTO `tb_turma` VALUES (2015,2,'TIN0130','20141210012','NÃO');
INSERT INTO `tb_turma` VALUES (2015,2,'TIN0130','20141210017','NÃO');
INSERT INTO `tb_turma` VALUES (2015,2,'TIN0130','20141210020','NÃO');
INSERT INTO `tb_turma` VALUES (2015,2,'TIN0130','20141210022','NÃO');
INSERT INTO `tb_turma` VALUES (2015,2,'TIN0130','20141210023','NÃO');
INSERT INTO `tb_turma` VALUES (2015,2,'TIN0130','20141210028','NÃO');
INSERT INTO `tb_turma` VALUES (2015,2,'TIN0130','20141210031','NÃO');
INSERT INTO `tb_turma` VALUES (2015,2,'TIN0130','20142210009','NÃO');
INSERT INTO `tb_turma` VALUES (2015,2,'TIN0130','20142210024','NÃO');
INSERT INTO `tb_turma` VALUES (2015,2,'TIN0130','20142210032','NÃO');
INSERT INTO `tb_turma` VALUES (2015,2,'TIN0130','20151210003','NÃO');
INSERT INTO `tb_turma` VALUES (2015,2,'TIN0130','20151210010','NÃO');
INSERT INTO `tb_turma` VALUES (2015,2,'TIN0130','20151210023','NÃO');
INSERT INTO `tb_turma` VALUES (2015,2,'TIN0131','20102210005','NÃO');
INSERT INTO `tb_turma` VALUES (2015,2,'TIN0131','20111210006','NÃO');
INSERT INTO `tb_turma` VALUES (2015,2,'TIN0131','20111210020','NÃO');
INSERT INTO `tb_turma` VALUES (2015,2,'TIN0131','20111210023','NÃO');
INSERT INTO `tb_turma` VALUES (2015,2,'TIN0131','20111210025','NÃO');
INSERT INTO `tb_turma` VALUES (2015,2,'TIN0131','20111210042','NÃO');
INSERT INTO `tb_turma` VALUES (2015,2,'TIN0131','20112210001','NÃO');
INSERT INTO `tb_turma` VALUES (2015,2,'TIN0131','20112210009','NÃO');
INSERT INTO `tb_turma` VALUES (2015,2,'TIN0131','20112210013','NÃO');
INSERT INTO `tb_turma` VALUES (2015,2,'TIN0131','20112210032','NÃO');
INSERT INTO `tb_turma` VALUES (2015,2,'TIN0131','20121210004','NÃO');
INSERT INTO `tb_turma` VALUES (2015,2,'TIN0131','20121210014','NÃO');
INSERT INTO `tb_turma` VALUES (2015,2,'TIN0131','20121210027','NÃO');
INSERT INTO `tb_turma` VALUES (2015,2,'TIN0131','20122210003','NÃO');
INSERT INTO `tb_turma` VALUES (2015,2,'TIN0131','20122210011','NÃO');
INSERT INTO `tb_turma` VALUES (2015,2,'TIN0131','20122210021','NÃO');
INSERT INTO `tb_turma` VALUES (2015,2,'TIN0132','20101210027','NÃO');
INSERT INTO `tb_turma` VALUES (2015,2,'TIN0132','20111210024','NÃO');
INSERT INTO `tb_turma` VALUES (2015,2,'TIN0132','20112210009','NÃO');
INSERT INTO `tb_turma` VALUES (2015,2,'TIN0132','20112210013','NÃO');
INSERT INTO `tb_turma` VALUES (2015,2,'TIN0132','20121210004','NÃO');
INSERT INTO `tb_turma` VALUES (2015,2,'TIN0132','20121210010','NÃO');
INSERT INTO `tb_turma` VALUES (2015,2,'TIN0132','20121210014','NÃO');
INSERT INTO `tb_turma` VALUES (2015,2,'TIN0132','20121210016','NÃO');
INSERT INTO `tb_turma` VALUES (2015,2,'TIN0132','20121210021','NÃO');
INSERT INTO `tb_turma` VALUES (2015,2,'TIN0132','20121210027','NÃO');
INSERT INTO `tb_turma` VALUES (2015,2,'TIN0132','20122210003','NÃO');
INSERT INTO `tb_turma` VALUES (2015,2,'TIN0132','20122210011','NÃO');
INSERT INTO `tb_turma` VALUES (2015,2,'TIN0132','20122210020','NÃO');
INSERT INTO `tb_turma` VALUES (2015,2,'TIN0132','20122210021','NÃO');
INSERT INTO `tb_turma` VALUES (2015,2,'TIN0132','20131210006','NÃO');
INSERT INTO `tb_turma` VALUES (2015,2,'TIN0132','20131210007','NÃO');
INSERT INTO `tb_turma` VALUES (2015,2,'TIN0132','20131210010','NÃO');
INSERT INTO `tb_turma` VALUES (2015,2,'TIN0132','20131210025','NÃO');
INSERT INTO `tb_turma` VALUES (2015,2,'TIN0132','20131210033','NÃO');
INSERT INTO `tb_turma` VALUES (2015,2,'TIN0132','20131210037','NÃO');
INSERT INTO `tb_turma` VALUES (2015,2,'TIN0132','20151210010','NÃO');
INSERT INTO `tb_turma` VALUES (2015,2,'TIN0133','20052210500','NÃO');
INSERT INTO `tb_turma` VALUES (2015,2,'TIN0133','20061210046','NÃO');
INSERT INTO `tb_turma` VALUES (2015,2,'TIN0133','20072210097','NÃO');
INSERT INTO `tb_turma` VALUES (2015,2,'TIN0133','20081210048','NÃO');
INSERT INTO `tb_turma` VALUES (2015,2,'TIN0133','20082210513','NÃO');
INSERT INTO `tb_turma` VALUES (2015,2,'TIN0133','20091210020','NÃO');
INSERT INTO `tb_turma` VALUES (2015,2,'TIN0133','20091210043','NÃO');
INSERT INTO `tb_turma` VALUES (2015,2,'TIN0133','20091210515','NÃO');
INSERT INTO `tb_turma` VALUES (2015,2,'TIN0133','20092210071','NÃO');
INSERT INTO `tb_turma` VALUES (2015,2,'TIN0133','20092210130','NÃO');
INSERT INTO `tb_turma` VALUES (2015,2,'TIN0133','20101210006','NÃO');
INSERT INTO `tb_turma` VALUES (2015,2,'TIN0133','20101210009','NÃO');
INSERT INTO `tb_turma` VALUES (2015,2,'TIN0133','20101210019','NÃO');
INSERT INTO `tb_turma` VALUES (2015,2,'TIN0133','20101210026','NÃO');
INSERT INTO `tb_turma` VALUES (2015,2,'TIN0133','20101210901','NÃO');
INSERT INTO `tb_turma` VALUES (2015,2,'TIN0133','20102210006','NÃO');
INSERT INTO `tb_turma` VALUES (2015,2,'TIN0133','20102210008','NÃO');
INSERT INTO `tb_turma` VALUES (2015,2,'TIN0133','20102210010','NÃO');
INSERT INTO `tb_turma` VALUES (2015,2,'TIN0133','20102210016','NÃO');
INSERT INTO `tb_turma` VALUES (2015,2,'TIN0133','20102210023','NÃO');
INSERT INTO `tb_turma` VALUES (2015,2,'TIN0133','20102210024','NÃO');
INSERT INTO `tb_turma` VALUES (2015,2,'TIN0133','20102210028','NÃO');
INSERT INTO `tb_turma` VALUES (2015,2,'TIN0133','20102210031','NÃO');
INSERT INTO `tb_turma` VALUES (2015,2,'TIN0133','20102210702','NÃO');
INSERT INTO `tb_turma` VALUES (2015,2,'TIN0133','20111210013','NÃO');
INSERT INTO `tb_turma` VALUES (2015,2,'TIN0133','20111210038','NÃO');
INSERT INTO `tb_turma` VALUES (2015,2,'TIN0133','20112210037','NÃO');
INSERT INTO `tb_turma` VALUES (2015,2,'TIN0133','20121210030','NÃO');
INSERT INTO `tb_turma` VALUES (2015,2,'TIN0141','20102210031','NÃO');
INSERT INTO `tb_turma` VALUES (2015,2,'TIN0141','20111210011','NÃO');
INSERT INTO `tb_turma` VALUES (2015,2,'TIN0141','20112210015','NÃO');
INSERT INTO `tb_turma` VALUES (2015,2,'TIN0141','20121210034','NÃO');
INSERT INTO `tb_turma` VALUES (2015,2,'TIN0141','20132210022','NÃO');
INSERT INTO `tb_turma` VALUES (2015,2,'TIN0141','20132210026','NÃO');
INSERT INTO `tb_turma` VALUES (2015,2,'TIN0141','20132210029','NÃO');
INSERT INTO `tb_turma` VALUES (2015,2,'TIN0141','20141210010','NÃO');
INSERT INTO `tb_turma` VALUES (2015,2,'TIN0141','20141210023','NÃO');
INSERT INTO `tb_turma` VALUES (2015,2,'TIN0144','20101210026','NÃO');
INSERT INTO `tb_turma` VALUES (2015,2,'TIN0145','20101210019','NÃO');
INSERT INTO `tb_turma` VALUES (2015,2,'TIN0145','20111210023','NÃO');
INSERT INTO `tb_turma` VALUES (2015,2,'TIN0145','20111210026','NÃO');
INSERT INTO `tb_turma` VALUES (2015,2,'TIN0145','20111210042','NÃO');
INSERT INTO `tb_turma` VALUES (2015,2,'TIN0145','20112210001','NÃO');
INSERT INTO `tb_turma` VALUES (2015,2,'TIN0145','20112210016','NÃO');
INSERT INTO `tb_turma` VALUES (2015,2,'TIN0145','20121210012','NÃO');
INSERT INTO `tb_turma` VALUES (2015,2,'TIN0145','20121210014','NÃO');
INSERT INTO `tb_turma` VALUES (2015,2,'TIN0145','20131210033','NÃO');
INSERT INTO `tb_turma` VALUES (2015,2,'TIN0145','20142210002','NÃO');
INSERT INTO `tb_turma` VALUES (2015,2,'TIN0160','20071210023','NÃO');
INSERT INTO `tb_turma` VALUES (2015,2,'TIN0160','20102210701','NÃO');
INSERT INTO `tb_turma` VALUES (2015,2,'TIN0160','20111210035','NÃO');
INSERT INTO `tb_turma` VALUES (2015,2,'TIN0160','20112210008','NÃO');
INSERT INTO `tb_turma` VALUES (2015,2,'TIN0160','20112210016','NÃO');
INSERT INTO `tb_turma` VALUES (2015,2,'TIN0160','20121210006','NÃO');
INSERT INTO `tb_turma` VALUES (2015,2,'TIN0160','20122210001','NÃO');
INSERT INTO `tb_turma` VALUES (2015,2,'TIN0160','20122210004','NÃO');
INSERT INTO `tb_turma` VALUES (2015,2,'TIN0160','20122210008','NÃO');
INSERT INTO `tb_turma` VALUES (2015,2,'TIN0160','20122210009','NÃO');
INSERT INTO `tb_turma` VALUES (2015,2,'TIN0160','20122210024','NÃO');
INSERT INTO `tb_turma` VALUES (2015,2,'TIN0160','20122210025','NÃO');
INSERT INTO `tb_turma` VALUES (2015,2,'TIN0160','20122210028','NÃO');
INSERT INTO `tb_turma` VALUES (2015,2,'TIN0160','20122210029','NÃO');
INSERT INTO `tb_turma` VALUES (2015,2,'TIN0160','20122210030','NÃO');
INSERT INTO `tb_turma` VALUES (2015,2,'TIN0160','20131210029','NÃO');
INSERT INTO `tb_turma` VALUES (2015,2,'TIN0160','20131210033','NÃO');
INSERT INTO `tb_turma` VALUES (2015,2,'TIN0160','20131210035','NÃO');
INSERT INTO `tb_turma` VALUES (2015,2,'TIN0160','20132210027','NÃO');
INSERT INTO `tb_turma` VALUES (2015,2,'TIN0160','20141210005','NÃO');
INSERT INTO `tb_turma` VALUES (2015,2,'TIN0160','20141210019','NÃO');
INSERT INTO `tb_turma` VALUES (2015,2,'TIN0160','20141210030','NÃO');
INSERT INTO `tb_turma` VALUES (2015,2,'TIN0161','20052210500','NÃO');
INSERT INTO `tb_turma` VALUES (2015,2,'TIN0161','20091210043','NÃO');
INSERT INTO `tb_turma` VALUES (2015,2,'TIN0161','20121210010','NÃO');
INSERT INTO `tb_turma` VALUES (2015,2,'TIN0161','20121210021','NÃO');
INSERT INTO `tb_turma` VALUES (2015,2,'TIN0161','20131210025','NÃO');
INSERT INTO `tb_turma` VALUES (2015,2,'TIN0162','20091210038','NÃO');
INSERT INTO `tb_turma` VALUES (2015,2,'TIN0162','20111210042','NÃO');
INSERT INTO `tb_turma` VALUES (2015,2,'TIN0165','20111210013','NÃO');
INSERT INTO `tb_turma` VALUES (2015,2,'TIN0165','20121210016','NÃO');
INSERT INTO `tb_turma` VALUES (2015,2,'TIN0166','20071210023','NÃO');
INSERT INTO `tb_turma` VALUES (2015,2,'TIN0166','20091210043','NÃO');
INSERT INTO `tb_turma` VALUES (2015,2,'TIN0166','20101210019','NÃO');
INSERT INTO `tb_turma` VALUES (2015,2,'TIN0166','20111210035','NÃO');
INSERT INTO `tb_turma` VALUES (2015,2,'TIN0166','20111210037','NÃO');
INSERT INTO `tb_turma` VALUES (2015,2,'TIN0166','20111210042','NÃO');
INSERT INTO `tb_turma` VALUES (2015,2,'TIN0166','20121210006','NÃO');
INSERT INTO `tb_turma` VALUES (2015,2,'TIN0166','20121210012','NÃO');
INSERT INTO `tb_turma` VALUES (2015,2,'TIN0166','20121210014','NÃO');
INSERT INTO `tb_turma` VALUES (2015,2,'TIN0166','20121210016','NÃO');
INSERT INTO `tb_turma` VALUES (2015,2,'TIN0166','20121210021','NÃO');
INSERT INTO `tb_turma` VALUES (2015,2,'TIN0166','20122210017','NÃO');
INSERT INTO `tb_turma` VALUES (2015,2,'TIN0166','20122210020','NÃO');
INSERT INTO `tb_turma` VALUES (2015,2,'TIN0166','20131210029','NÃO');
INSERT INTO `tb_turma` VALUES (2015,2,'TIN0166','20131210035','NÃO');
INSERT INTO `tb_turma` VALUES (2015,2,'TIN0166','20132210019','NÃO');
INSERT INTO `tb_turma` VALUES (2015,2,'TIN0168','20072210123','NÃO');
INSERT INTO `tb_turma` VALUES (2015,2,'TIN0168','20102210001','NÃO');
INSERT INTO `tb_turma` VALUES (2015,2,'TIN0168','20102210011','NÃO');
INSERT INTO `tb_turma` VALUES (2015,2,'TIN0168','20102210025','NÃO');
INSERT INTO `tb_turma` VALUES (2015,2,'TIN0168','20112210005','NÃO');
INSERT INTO `tb_turma` VALUES (2015,2,'TIN0168','20112210008','NÃO');
INSERT INTO `tb_turma` VALUES (2015,2,'TIN0168','20121210005','NÃO');
INSERT INTO `tb_turma` VALUES (2015,2,'TIN0168','20121210012','NÃO');
INSERT INTO `tb_turma` VALUES (2015,2,'TIN0168','20122210001','NÃO');
INSERT INTO `tb_turma` VALUES (2015,2,'TIN0168','20122210015','NÃO');
INSERT INTO `tb_turma` VALUES (2015,2,'TIN0168','20122210017','NÃO');
INSERT INTO `tb_turma` VALUES (2015,2,'TIN0168','20122210024','NÃO');
INSERT INTO `tb_turma` VALUES (2015,2,'TIN0168','20122210025','NÃO');
INSERT INTO `tb_turma` VALUES (2015,2,'TIN0168','20122210029','NÃO');
INSERT INTO `tb_turma` VALUES (2015,2,'TIN0168','20122210030','NÃO');
INSERT INTO `tb_turma` VALUES (2015,2,'TIN0168','20131210013','NÃO');
INSERT INTO `tb_turma` VALUES (2015,2,'TIN0168','20131210029','NÃO');
INSERT INTO `tb_turma` VALUES (2015,2,'TIN0168','20131210035','NÃO');
INSERT INTO `tb_turma` VALUES (2015,2,'TIN0168','20132210013','NÃO');
INSERT INTO `tb_turma` VALUES (2015,2,'TIN0168','20132210016','NÃO');
INSERT INTO `tb_turma` VALUES (2015,2,'TIN0168','20132210028','NÃO');
INSERT INTO `tb_turma` VALUES (2015,2,'TIN0168','20132210030','NÃO');
INSERT INTO `tb_turma` VALUES (2015,2,'TIN0168','20141210001','NÃO');
INSERT INTO `tb_turma` VALUES (2015,2,'TIN0168','20141210005','NÃO');
INSERT INTO `tb_turma` VALUES (2015,2,'TIN0168','20141210008','NÃO');
INSERT INTO `tb_turma` VALUES (2015,2,'TIN0168','20141210009','NÃO');
INSERT INTO `tb_turma` VALUES (2015,2,'TIN0168','20141210012','NÃO');
INSERT INTO `tb_turma` VALUES (2015,2,'TIN0168','20141210015','NÃO');
INSERT INTO `tb_turma` VALUES (2015,2,'TIN0168','20141210017','NÃO');
INSERT INTO `tb_turma` VALUES (2015,2,'TIN0168','20141210019','NÃO');
INSERT INTO `tb_turma` VALUES (2015,2,'TIN0168','20141210030','NÃO');
INSERT INTO `tb_turma` VALUES (2015,2,'TIN0168','20141210031','NÃO');
INSERT INTO `tb_turma` VALUES (2015,2,'TIN0169','20102210001','NÃO');
INSERT INTO `tb_turma` VALUES (2015,2,'TIN0169','20102210031','NÃO');
INSERT INTO `tb_turma` VALUES (2015,2,'TIN0169','20111210020','NÃO');
INSERT INTO `tb_turma` VALUES (2015,2,'TIN0169','20111210035','NÃO');
INSERT INTO `tb_turma` VALUES (2015,2,'TIN0169','20112210005','NÃO');
INSERT INTO `tb_turma` VALUES (2015,2,'TIN0169','20112210008','NÃO');
INSERT INTO `tb_turma` VALUES (2015,2,'TIN0169','20112210009','NÃO');
INSERT INTO `tb_turma` VALUES (2015,2,'TIN0169','20112210013','NÃO');
INSERT INTO `tb_turma` VALUES (2015,2,'TIN0169','20112210015','NÃO');
INSERT INTO `tb_turma` VALUES (2015,2,'TIN0169','20121210019','NÃO');
INSERT INTO `tb_turma` VALUES (2015,2,'TIN0169','20121210035','NÃO');
INSERT INTO `tb_turma` VALUES (2015,2,'TIN0169','20122210004','NÃO');
INSERT INTO `tb_turma` VALUES (2015,2,'TIN0169','20122210009','NÃO');
INSERT INTO `tb_turma` VALUES (2015,2,'TIN0169','20122210011','NÃO');
INSERT INTO `tb_turma` VALUES (2015,2,'TIN0169','20122210019','NÃO');
INSERT INTO `tb_turma` VALUES (2015,2,'TIN0169','20122210022','NÃO');
INSERT INTO `tb_turma` VALUES (2015,2,'TIN0169','20122210024','NÃO');
INSERT INTO `tb_turma` VALUES (2015,2,'TIN0169','20122210026','NÃO');
INSERT INTO `tb_turma` VALUES (2015,2,'TIN0169','20132210007','NÃO');
INSERT INTO `tb_turma` VALUES (2015,2,'TIN0169','20132210009','NÃO');
INSERT INTO `tb_turma` VALUES (2015,2,'TIN0169','20132210017','NÃO');
INSERT INTO `tb_turma` VALUES (2015,2,'TIN0169','20132210021','NÃO');
INSERT INTO `tb_turma` VALUES (2015,2,'TIN0169','20132210025','NÃO');
INSERT INTO `tb_turma` VALUES (2015,2,'TIN0169','20132210029','NÃO');
INSERT INTO `tb_turma` VALUES (2015,2,'TIN0169','20132210032','NÃO');
INSERT INTO `tb_turma` VALUES (2015,2,'TIN0169','20132210034','NÃO');
INSERT INTO `tb_turma` VALUES (2015,2,'TIN0169','20132210036','NÃO');
INSERT INTO `tb_turma` VALUES (2015,2,'TIN0169','20132210850','NÃO');
INSERT INTO `tb_turma` VALUES (2015,2,'TIN0169','20151210007','NÃO');
INSERT INTO `tb_turma` VALUES (2015,2,'TIN0169','20151210010','NÃO');
INSERT INTO `tb_turma` VALUES (2015,2,'TIN0171','20112210001','NÃO');
INSERT INTO `tb_turma` VALUES (2015,2,'TIN0171','20112210032','NÃO');
INSERT INTO `tb_turma` VALUES (2015,2,'TIN0171','20112210035','NÃO');
INSERT INTO `tb_turma` VALUES (2015,2,'TIN0171','20121210005','NÃO');
INSERT INTO `tb_turma` VALUES (2015,2,'TIN0171','20121210006','NÃO');
INSERT INTO `tb_turma` VALUES (2015,2,'TIN0171','20121210012','NÃO');
INSERT INTO `tb_turma` VALUES (2015,2,'TIN0171','20121210019','NÃO');
INSERT INTO `tb_turma` VALUES (2015,2,'TIN0171','20122210004','NÃO');
INSERT INTO `tb_turma` VALUES (2015,2,'TIN0171','20122210008','NÃO');
INSERT INTO `tb_turma` VALUES (2015,2,'TIN0171','20122210009','NÃO');
INSERT INTO `tb_turma` VALUES (2015,2,'TIN0171','20122210010','NÃO');
INSERT INTO `tb_turma` VALUES (2015,2,'TIN0171','20122210011','NÃO');
INSERT INTO `tb_turma` VALUES (2015,2,'TIN0171','20122210024','NÃO');
INSERT INTO `tb_turma` VALUES (2015,2,'TIN0171','20122210025','NÃO');
INSERT INTO `tb_turma` VALUES (2015,2,'TIN0171','20131210005','NÃO');
INSERT INTO `tb_turma` VALUES (2015,2,'TIN0171','20131210029','NÃO');
INSERT INTO `tb_turma` VALUES (2015,2,'TIN0171','20131210030','NÃO');
INSERT INTO `tb_turma` VALUES (2015,2,'TIN0171','20132210007','NÃO');
INSERT INTO `tb_turma` VALUES (2015,2,'TIN0171','20132210008','NÃO');
INSERT INTO `tb_turma` VALUES (2015,2,'TIN0171','20132210009','NÃO');
INSERT INTO `tb_turma` VALUES (2015,2,'TIN0171','20132210017','NÃO');
INSERT INTO `tb_turma` VALUES (2015,2,'TIN0171','20132210021','NÃO');
INSERT INTO `tb_turma` VALUES (2015,2,'TIN0171','20132210025','NÃO');
INSERT INTO `tb_turma` VALUES (2015,2,'TIN0171','20132210029','NÃO');
INSERT INTO `tb_turma` VALUES (2015,2,'TIN0171','20132210030','NÃO');
INSERT INTO `tb_turma` VALUES (2015,2,'TIN0171','20132210032','NÃO');
INSERT INTO `tb_turma` VALUES (2015,2,'TIN0171','20132210034','NÃO');
INSERT INTO `tb_turma` VALUES (2015,2,'TIN0171','20132210036','NÃO');
INSERT INTO `tb_turma` VALUES (2015,2,'TIN0171','20141210011','NÃO');
INSERT INTO `tb_turma` VALUES (2015,2,'TIN0171','20141210017','NÃO');
INSERT INTO `tb_turma` VALUES (2015,2,'TIN0171','20142210024','NÃO');
INSERT INTO `tb_turma` VALUES (2015,2,'TIN0171','20151210010','NÃO');
INSERT INTO `tb_turma` VALUES (2015,2,'TME0015','20072210123','NÃO');
INSERT INTO `tb_turma` VALUES (2015,2,'TME0015','20091210515','NÃO');
INSERT INTO `tb_turma` VALUES (2015,2,'TME0015','20101210003','NÃO');
INSERT INTO `tb_turma` VALUES (2015,2,'TME0015','20101210006','NÃO');
INSERT INTO `tb_turma` VALUES (2015,2,'TME0015','20101210024','NÃO');
INSERT INTO `tb_turma` VALUES (2015,2,'TME0015','20101210901','NÃO');
INSERT INTO `tb_turma` VALUES (2015,2,'TME0015','20111210027','NÃO');
INSERT INTO `tb_turma` VALUES (2015,2,'TME0015','20121210018','NÃO');
INSERT INTO `tb_turma` VALUES (2015,2,'TME0015','20132210011','NÃO');
INSERT INTO `tb_turma` VALUES (2015,2,'TME0015','20132210016','NÃO');
INSERT INTO `tb_turma` VALUES (2015,2,'TME0015','20132210022','NÃO');
INSERT INTO `tb_turma` VALUES (2015,2,'TME0015','20141210005','NÃO');
INSERT INTO `tb_turma` VALUES (2015,2,'TME0015','20141210029','NÃO');
INSERT INTO `tb_turma` VALUES (2015,2,'TME0015','20142210008','NÃO');
INSERT INTO `tb_turma` VALUES (2015,2,'TME0015','20142210009','NÃO');
INSERT INTO `tb_turma` VALUES (2015,2,'TME0015','20142210011','NÃO');
INSERT INTO `tb_turma` VALUES (2015,2,'TME0015','20142210031','NÃO');
INSERT INTO `tb_turma` VALUES (2015,2,'TME0015','20151210001','NÃO');
INSERT INTO `tb_turma` VALUES (2015,2,'TME0015','20151210002','NÃO');
INSERT INTO `tb_turma` VALUES (2015,2,'TME0015','20151210012','NÃO');
INSERT INTO `tb_turma` VALUES (2015,2,'TME0015','20151210013','NÃO');
INSERT INTO `tb_turma` VALUES (2015,2,'TME0015','20151210017','NÃO');
INSERT INTO `tb_turma` VALUES (2015,2,'TME0015','20151210019','NÃO');
INSERT INTO `tb_turma` VALUES (2015,2,'TME0015','20151210022','NÃO');
INSERT INTO `tb_turma` VALUES (2015,2,'TME0015','20151210024','NÃO');
INSERT INTO `tb_turma` VALUES (2015,2,'TME0015','20151210027','NÃO');
INSERT INTO `tb_turma` VALUES (2015,2,'TME0015','20151210028','NÃO');
INSERT INTO `tb_turma` VALUES (2015,2,'TME0101','20112210023','NÃO');
INSERT INTO `tb_turma` VALUES (2015,2,'TME0101','20132210011','NÃO');
INSERT INTO `tb_turma` VALUES (2015,2,'TME0101','20142210025','NÃO');
INSERT INTO `tb_turma` VALUES (2015,2,'TME0101','20151210021','NÃO');
INSERT INTO `tb_turma` VALUES (2015,2,'TME0101','20151210026','NÃO');
INSERT INTO `tb_turma` VALUES (2015,2,'TME0101','20151210028','NÃO');
INSERT INTO `tb_turma` VALUES (2015,2,'TME0101','20152210001','NÃO');
INSERT INTO `tb_turma` VALUES (2015,2,'TME0101','20152210002','NÃO');
INSERT INTO `tb_turma` VALUES (2015,2,'TME0101','20152210003','NÃO');
INSERT INTO `tb_turma` VALUES (2015,2,'TME0101','20152210004','NÃO');
INSERT INTO `tb_turma` VALUES (2015,2,'TME0101','20152210005','NÃO');
INSERT INTO `tb_turma` VALUES (2015,2,'TME0101','20152210006','NÃO');
INSERT INTO `tb_turma` VALUES (2015,2,'TME0101','20152210007','NÃO');
INSERT INTO `tb_turma` VALUES (2015,2,'TME0101','20152210008','NÃO');
INSERT INTO `tb_turma` VALUES (2015,2,'TME0101','20152210009','NÃO');
INSERT INTO `tb_turma` VALUES (2015,2,'TME0101','20152210011','NÃO');
INSERT INTO `tb_turma` VALUES (2015,2,'TME0101','20152210013','NÃO');
INSERT INTO `tb_turma` VALUES (2015,2,'TME0101','20152210014','NÃO');
INSERT INTO `tb_turma` VALUES (2015,2,'TME0101','20152210015','NÃO');
INSERT INTO `tb_turma` VALUES (2015,2,'TME0101','20152210016','NÃO');
INSERT INTO `tb_turma` VALUES (2015,2,'TME0101','20152210017','NÃO');
INSERT INTO `tb_turma` VALUES (2015,2,'TME0101','20152210018','NÃO');
INSERT INTO `tb_turma` VALUES (2015,2,'TME0101','20152210019','NÃO');
INSERT INTO `tb_turma` VALUES (2015,2,'TME0101','20152210020','NÃO');
INSERT INTO `tb_turma` VALUES (2015,2,'TME0101','20152210021','NÃO');
INSERT INTO `tb_turma` VALUES (2015,2,'TME0101','20152210023','NÃO');
INSERT INTO `tb_turma` VALUES (2015,2,'TME0101','20152210025','NÃO');
INSERT INTO `tb_turma` VALUES (2015,2,'TME0101','20152210026','NÃO');
INSERT INTO `tb_turma` VALUES (2015,2,'TME0101','20152210027','NÃO');
INSERT INTO `tb_turma` VALUES (2015,2,'TME0101','20152210028','NÃO');
INSERT INTO `tb_turma` VALUES (2015,2,'TME0101','20152210029','NÃO');
INSERT INTO `tb_turma` VALUES (2015,2,'TME0101','20152210031','NÃO');
INSERT INTO `tb_turma` VALUES (2015,2,'TME0101','20152210032','NÃO');
INSERT INTO `tb_turma` VALUES (2015,2,'TME0101','20152210033','NÃO');
INSERT INTO `tb_turma` VALUES (2015,2,'TME0101','20152210034','NÃO');
INSERT INTO `tb_turma` VALUES (2015,2,'TME0101','20152210035','NÃO');
INSERT INTO `tb_turma` VALUES (2015,2,'TME0101','20152210036','NÃO');
INSERT INTO `tb_turma` VALUES (2015,2,'TME0112','20101210024','NÃO');
INSERT INTO `tb_turma` VALUES (2015,2,'TME0112','20101210901','NÃO');
INSERT INTO `tb_turma` VALUES (2015,2,'TME0112','20101220022','NÃO');
INSERT INTO `tb_turma` VALUES (2015,2,'TME0112','20102210701','NÃO');
INSERT INTO `tb_turma` VALUES (2015,2,'TME0112','20111210027','NÃO');
INSERT INTO `tb_turma` VALUES (2015,2,'TME0112','20111210035','NÃO');
INSERT INTO `tb_turma` VALUES (2015,2,'TME0112','20121210022','NÃO');
INSERT INTO `tb_turma` VALUES (2015,2,'TME0112','20131210026','NÃO');
INSERT INTO `tb_turma` VALUES (2015,2,'TME0112','20132210008','NÃO');
INSERT INTO `tb_turma` VALUES (2015,2,'TME0112','20132210029','NÃO');
INSERT INTO `tb_turma` VALUES (2015,2,'TME0112','20142210017','NÃO');
INSERT INTO `tb_turma` VALUES (2015,2,'TME0112','20142210020','NÃO');
INSERT INTO `tb_turma` VALUES (2015,2,'TME0112','20142210031','NÃO');
INSERT INTO `tb_turma` VALUES (2015,2,'TME0112','20151210001','NÃO');
INSERT INTO `tb_turma` VALUES (2015,2,'TME0112','20151210002','NÃO');
INSERT INTO `tb_turma` VALUES (2015,2,'TME0112','20151210012','NÃO');
INSERT INTO `tb_turma` VALUES (2015,2,'TME0112','20151210013','NÃO');
INSERT INTO `tb_turma` VALUES (2015,2,'TME0112','20151210017','NÃO');
INSERT INTO `tb_turma` VALUES (2015,2,'TME0112','20151210018','NÃO');
INSERT INTO `tb_turma` VALUES (2015,2,'TME0112','20151210022','NÃO');
INSERT INTO `tb_turma` VALUES (2015,2,'TME0112','20151210024','NÃO');
INSERT INTO `tb_turma` VALUES (2015,2,'TME0113','20061210046','NÃO');
INSERT INTO `tb_turma` VALUES (2015,2,'TME0113','20072210123','NÃO');
INSERT INTO `tb_turma` VALUES (2015,2,'TME0113','20082210093','NÃO');
INSERT INTO `tb_turma` VALUES (2015,2,'TME0113','20082210513','NÃO');
INSERT INTO `tb_turma` VALUES (2015,2,'TME0113','20091210020','NÃO');
INSERT INTO `tb_turma` VALUES (2015,2,'TME0113','20091210038','NÃO');
INSERT INTO `tb_turma` VALUES (2015,2,'TME0113','20091210043','NÃO');
INSERT INTO `tb_turma` VALUES (2015,2,'TME0113','20091210515','NÃO');
INSERT INTO `tb_turma` VALUES (2015,2,'TME0113','20092210071','NÃO');
INSERT INTO `tb_turma` VALUES (2015,2,'TME0113','20092210138','NÃO');
INSERT INTO `tb_turma` VALUES (2015,2,'TME0113','20101210003','NÃO');
INSERT INTO `tb_turma` VALUES (2015,2,'TME0113','20102210001','NÃO');
INSERT INTO `tb_turma` VALUES (2015,2,'TME0113','20102210025','NÃO');
INSERT INTO `tb_turma` VALUES (2015,2,'TME0113','20102210031','NÃO');
INSERT INTO `tb_turma` VALUES (2015,2,'TME0113','20102210033','NÃO');
INSERT INTO `tb_turma` VALUES (2015,2,'TME0113','20111210006','NÃO');
INSERT INTO `tb_turma` VALUES (2015,2,'TME0113','20111210012','NÃO');
INSERT INTO `tb_turma` VALUES (2015,2,'TME0113','20111210020','NÃO');
INSERT INTO `tb_turma` VALUES (2015,2,'TME0113','20111210025','NÃO');
INSERT INTO `tb_turma` VALUES (2015,2,'TME0113','20111210037','NÃO');
INSERT INTO `tb_turma` VALUES (2015,2,'TME0113','20112210001','NÃO');
INSERT INTO `tb_turma` VALUES (2015,2,'TME0113','20112210019','NÃO');
INSERT INTO `tb_turma` VALUES (2015,2,'TME0113','20112210032','NÃO');
INSERT INTO `tb_turma` VALUES (2015,2,'TME0113','20112210035','NÃO');
INSERT INTO `tb_turma` VALUES (2015,2,'TME0113','20112210037','NÃO');
INSERT INTO `tb_turma` VALUES (2015,2,'TME0113','20121210005','NÃO');
INSERT INTO `tb_turma` VALUES (2015,2,'TME0113','20121210012','NÃO');
INSERT INTO `tb_turma` VALUES (2015,2,'TME0113','20121210030','NÃO');
INSERT INTO `tb_turma` VALUES (2015,2,'TME0113','20121210034','NÃO');
INSERT INTO `tb_turma` VALUES (2015,2,'TME0113','20121210035','NÃO');
INSERT INTO `tb_turma` VALUES (2015,2,'TME0113','20122210017','NÃO');
INSERT INTO `tb_turma` VALUES (2015,2,'TME0113','20122210032','NÃO');
INSERT INTO `tb_turma` VALUES (2015,2,'TME0113','20131210013','NÃO');
INSERT INTO `tb_turma` VALUES (2015,2,'TME0113','20132210007','NÃO');
INSERT INTO `tb_turma` VALUES (2015,2,'TME0113','20132210009','NÃO');
INSERT INTO `tb_turma` VALUES (2015,2,'TME0113','20132210019','NÃO');
INSERT INTO `tb_turma` VALUES (2015,2,'TME0113','20132210021','NÃO');
INSERT INTO `tb_turma` VALUES (2015,2,'TME0113','20132210028','NÃO');
INSERT INTO `tb_turma` VALUES (2015,2,'TME0113','20132210030','NÃO');
INSERT INTO `tb_turma` VALUES (2015,2,'TME0113','20132210033','NÃO');
INSERT INTO `tb_turma` VALUES (2015,2,'TME0113','20132210034','NÃO');
INSERT INTO `tb_turma` VALUES (2015,2,'TME0113','20141210008','NÃO');
INSERT INTO `tb_turma` VALUES (2015,2,'TME0113','20141210010','NÃO');
INSERT INTO `tb_turma` VALUES (2015,2,'TME0113','20141210011','NÃO');
INSERT INTO `tb_turma` VALUES (2015,2,'TME0113','20141210012','NÃO');
INSERT INTO `tb_turma` VALUES (2015,2,'TME0113','20141210015','NÃO');
INSERT INTO `tb_turma` VALUES (2015,2,'TME0113','20141210020','NÃO');
INSERT INTO `tb_turma` VALUES (2015,2,'TME0113','20141210021','NÃO');
INSERT INTO `tb_turma` VALUES (2015,2,'TME0113','20141210022','NÃO');
INSERT INTO `tb_turma` VALUES (2015,2,'TME0113','20141210031','NÃO');
INSERT INTO `tb_turma` VALUES (2015,2,'TME0113','20142210001','NÃO');
INSERT INTO `tb_turma` VALUES (2015,2,'TME0113','20142210004','NÃO');
INSERT INTO `tb_turma` VALUES (2015,2,'TME0113','20142210006','NÃO');
INSERT INTO `tb_turma` VALUES (2015,2,'TME0113','20142210012','NÃO');
INSERT INTO `tb_turma` VALUES (2015,2,'TME0113','20142210023','NÃO');
INSERT INTO `tb_turma` VALUES (2015,2,'TME0113','20142210024','NÃO');
INSERT INTO `tb_turma` VALUES (2015,2,'TME0113','20142210026','NÃO');
INSERT INTO `tb_turma` VALUES (2015,2,'TME0113','20142210029','NÃO');
INSERT INTO `tb_turma` VALUES (2015,2,'TME0113','20151210006','NÃO');
INSERT INTO `tb_turma` VALUES (2015,2,'TME0114','20102210033','NÃO');
INSERT INTO `tb_turma` VALUES (2015,2,'TME0114','20122210021','NÃO');
INSERT INTO `tb_turma` VALUES (2015,2,'TME0114','20122210022','NÃO');
INSERT INTO `tb_turma` VALUES (2015,2,'TME0114','20122210027','NÃO');
INSERT INTO `tb_turma` VALUES (2015,2,'TME0114','20122210032','NÃO');
INSERT INTO `tb_turma` VALUES (2015,2,'TME0114','20131210019','NÃO');
INSERT INTO `tb_turma` VALUES (2015,2,'TME0114','20131210026','NÃO');
INSERT INTO `tb_turma` VALUES (2015,2,'TME0114','20131210801','NÃO');
INSERT INTO `tb_turma` VALUES (2015,2,'TME0114','20132210024','NÃO');
INSERT INTO `tb_turma` VALUES (2015,2,'TME0114','20132210027','NÃO');
INSERT INTO `tb_turma` VALUES (2015,2,'TME0114','20132210033','NÃO');
INSERT INTO `tb_turma` VALUES (2015,2,'TME0114','20141210020','NÃO');
INSERT INTO `tb_turma` VALUES (2015,2,'TME0114','20141210021','NÃO');
INSERT INTO `tb_turma` VALUES (2015,2,'TME0114','20141210022','NÃO');
INSERT INTO `tb_turma` VALUES (2015,2,'TME0114','20142210001','NÃO');
INSERT INTO `tb_turma` VALUES (2015,2,'TME0114','20142210003','NÃO');
INSERT INTO `tb_turma` VALUES (2015,2,'TME0114','20142210004','NÃO');
INSERT INTO `tb_turma` VALUES (2015,2,'TME0114','20142210006','NÃO');
INSERT INTO `tb_turma` VALUES (2015,2,'TME0114','20142210012','NÃO');
INSERT INTO `tb_turma` VALUES (2015,2,'TME0114','20142210017','NÃO');
INSERT INTO `tb_turma` VALUES (2015,2,'TME0114','20142210023','NÃO');
INSERT INTO `tb_turma` VALUES (2015,2,'TME0114','20142210026','NÃO');
INSERT INTO `tb_turma` VALUES (2015,2,'TME0114','20142210030','NÃO');
INSERT INTO `tb_turma` VALUES (2015,2,'TME0114','20151210003','NÃO');
INSERT INTO `tb_turma` VALUES (2015,2,'TME0114','20151210006','NÃO');
INSERT INTO `tb_turma` VALUES (2015,2,'TME0114','20151210007','NÃO');
INSERT INTO `tb_turma` VALUES (2015,2,'TME0114','20151210015','NÃO');
INSERT INTO `tb_turma` VALUES (2015,2,'TME0114','20151210018','NÃO');
INSERT INTO `tb_turma` VALUES (2015,2,'TME0114','20151210023','NÃO');
INSERT INTO `tb_turma` VALUES (2015,2,'TME0114','20151210029','NÃO');
INSERT INTO `tb_turma` VALUES (2015,2,'TME0115','20061210046','NÃO');
INSERT INTO `tb_turma` VALUES (2015,2,'TME0115','20101210015','NÃO');
INSERT INTO `tb_turma` VALUES (2015,2,'TME0115','20112210028','NÃO');
INSERT INTO `tb_turma` VALUES (2015,2,'TME0115','20121210027','NÃO');
INSERT INTO `tb_turma` VALUES (2015,2,'TME0115','20121210034','NÃO');
INSERT INTO `tb_turma` VALUES (2015,2,'TME0115','20121210035','NÃO');
INSERT INTO `tb_turma` VALUES (2015,2,'TME0115','20131210008','NÃO');
INSERT INTO `tb_turma` VALUES (2015,2,'TME0115','20131210013','NÃO');
INSERT INTO `tb_turma` VALUES (2015,2,'TME0115','20131210023','NÃO');
INSERT INTO `tb_turma` VALUES (2015,2,'TME0115','20132210028','NÃO');
INSERT INTO `tb_turma` VALUES (2015,2,'TME0115','20141210001','NÃO');
INSERT INTO `tb_turma` VALUES (2015,2,'TME0115','20141210009','NÃO');
INSERT INTO `tb_turma` VALUES (2015,2,'TME0115','20141210015','NÃO');
INSERT INTO `tb_turma` VALUES (2015,2,'TME0115','20141210019','NÃO');
INSERT INTO `tb_turma` VALUES (2015,2,'TME0115','20141210028','NÃO');
INSERT INTO `tb_turma` VALUES (2015,2,'TME0115','20141210030','NÃO');
INSERT INTO `tb_turma` VALUES (2015,2,'TME0115','20142210029','NÃO');
INSERT INTO `tb_turma` VALUES (2015,2,'TME0115','20142210032','NÃO');
/*!40000 ALTER TABLE `tb_turma` ENABLE KEYS */;
UNLOCK TABLES;
/*!40103 SET TIME_ZONE=@OLD_TIME_ZONE */;

/*!40101 SET SQL_MODE=@OLD_SQL_MODE */;
/*!40014 SET FOREIGN_KEY_CHECKS=@OLD_FOREIGN_KEY_CHECKS */;
/*!40014 SET UNIQUE_CHECKS=@OLD_UNIQUE_CHECKS */;
/*!40101 SET CHARACTER_SET_CLIENT=@OLD_CHARACTER_SET_CLIENT */;
/*!40101 SET CHARACTER_SET_RESULTS=@OLD_CHARACTER_SET_RESULTS */;
/*!40101 SET COLLATION_CONNECTION=@OLD_COLLATION_CONNECTION */;
/*!40111 SET SQL_NOTES=@OLD_SQL_NOTES */;

-- Dump completed on 2015-11-12  1:40:53
